document_tone/tones/0/score,document_tone/tones/0/tone_id,document_tone/tones/0/tone_name,document_tone/tones/1/score,document_tone/tones/1/tone_id,document_tone/tones/1/tone_name,document_tone/tones/2/score,document_tone/tones/2/tone_id,document_tone/tones/2/tone_name,document_tone/tones/3/score,document_tone/tones/3/tone_id,document_tone/tones/3/tone_name,document_tone/tones/4/score,document_tone/tones/4/tone_id,document_tone/tones/4/tone_name
0.794699,joy,Joy,,,,,,,,,,,,
0.89928,sadness,Sadness,0.976799,tentative,Tentative,0.802429,analytical,Analytical,,,,,,
0.60146,sadness,Sadness,,,,,,,,,,,,
0.592872,joy,Joy,0.548588,confident,Confident,0.825057,analytical,Analytical,,,,,,
0.774541,tentative,Tentative,,,,,,,,,,,,
0.526613,joy,Joy,0.59538,confident,Confident,0.815371,analytical,Analytical,,,,,,
0.621316,anger,Anger,,,,,,,,,,,,
0.676258,anger,Anger,0.723448,confident,Confident,,,,,,,,,
0.59651,sadness,Sadness,0.781424,tentative,Tentative,,,,,,,,,
0.592397,fear,Fear,0.533578,sadness,Sadness,0.609084,tentative,Tentative,,,,,,
0.558192,anger,Anger,0.642621,tentative,Tentative,,,,,,,,,
0.597146,sadness,Sadness,0.924648,tentative,Tentative,0.567796,analytical,Analytical,,,,,,
0.549929,joy,Joy,,,,,,,,,,,,
0.706069,anger,Anger,0.900741,confident,Confident,,,,,,,,,
0.521719,anger,Anger,0.634176,sadness,Sadness,0.805589,tentative,Tentative,,,,,,
0.547507,sadness,Sadness,0.643877,anger,Anger,0.605195,joy,Joy,0.670722,fear,Fear,,,
0.510085,anger,Anger,0.717496,tentative,Tentative,,,,,,,,,
0.590325,sadness,Sadness,,,,,,,,,,,,
0.826333,tentative,Tentative,,,,,,,,,,,,
0.757755,sadness,Sadness,0.761735,fear,Fear,0.597465,confident,Confident,,,,,,
0.614024,tentative,Tentative,,,,,,,,,,,,
,,,,,,,,,,,,,,
0.586572,anger,Anger,,,,,,,,,,,,
0.714242,tentative,Tentative,,,,,,,,,,,,
0.793008,tentative,Tentative,0.568922,analytical,Analytical,,,,,,,,,
0.607606,analytical,Analytical,0.831111,tentative,Tentative,,,,,,,,,
0.772972,joy,Joy,0.708147,tentative,Tentative,,,,,,,,,
0.631805,anger,Anger,0.502506,sadness,Sadness,0.756745,tentative,Tentative,,,,,,
0.601123,anger,Anger,0.920656,tentative,Tentative,,,,,,,,,
,,,,,,,,,,,,,,
,,,,,,,,,,,,,,
,,,,,,,,,,,,,,
0.513395,joy,Joy,0.846276,confident,Confident,,,,,,,,,
0.82322,anger,Anger,,,,,,,,,,,,
0.538834,fear,Fear,,,,,,,,,,,,
0.804364,tentative,Tentative,,,,,,,,,,,,
0.604331,sadness,Sadness,0.890302,tentative,Tentative,0.610218,analytical,Analytical,,,,,,
0.663412,anger,Anger,0.657022,sadness,Sadness,,,,,,,,,
0.598479,anger,Anger,0.690522,tentative,Tentative,,,,,,,,,
0.619689,joy,Joy,,,,,,,,,,,,
0.636548,tentative,Tentative,,,,,,,,,,,,
0.64573,sadness,Sadness,,,,,,,,,,,,
0.886989,tentative,Tentative,,,,,,,,,,,,
0.594021,sadness,Sadness,0.733641,tentative,Tentative,,,,,,,,,
0.701436,sadness,Sadness,0.769943,tentative,Tentative,,,,,,,,,
0.543567,sadness,Sadness,0.65884,joy,Joy,0.588365,tentative,Tentative,,,,,,
0.539978,anger,Anger,,,,,,,,,,,,
0.902459,tentative,Tentative,,,,,,,,,,,,
0.647508,sadness,Sadness,0.788337,tentative,Tentative,,,,,,,,,
0.546768,anger,Anger,0.876512,tentative,Tentative,,,,,,,,,
0.546505,sadness,Sadness,0.952277,tentative,Tentative,,,,,,,,,
0.616498,sadness,Sadness,0.504917,fear,Fear,0.971993,tentative,Tentative,,,,,,
0.617618,anger,Anger,0.805822,tentative,Tentative,,,,,,,,,
0.521213,joy,Joy,0.547291,sadness,Sadness,0.672664,analytical,Analytical,0.904164,tentative,Tentative,,,
0.698156,tentative,Tentative,,,,,,,,,,,,
,,,,,,,,,,,,,,
0.718026,sadness,Sadness,,,,,,,,,,,,
0.565687,sadness,Sadness,0.942456,tentative,Tentative,,,,,,,,,
0.985889,tentative,Tentative,,,,,,,,,,,,
0.531107,sadness,Sadness,0.717178,confident,Confident,,,,,,,,,
0.673185,tentative,Tentative,,,,,,,,,,,,
,,,,,,,,,,,,,,
,,,,,,,,,,,,,,
,,,,,,,,,,,,,,
0.624959,anger,Anger,,,,,,,,,,,,
0.776674,tentative,Tentative,,,,,,,,,,,,
0.571226,confident,Confident,,,,,,,,,,,,
0.721179,joy,Joy,0.561856,tentative,Tentative,,,,,,,,,
0.645184,sadness,Sadness,,,,,,,,,,,,
0.526041,anger,Anger,,,,,,,,,,,,
0.745232,sadness,Sadness,,,,,,,,,,,,
,,,,,,,,,,,,,,
0.513922,anger,Anger,0.604716,sadness,Sadness,0.551743,analytical,Analytical,0.68097,tentative,Tentative,,,
0.580337,anger,Anger,,,,,,,,,,,,
,,,,,,,,,,,,,,
0.604328,sadness,Sadness,0.561599,joy,Joy,,,,,,,,,
0.564801,joy,Joy,0.653265,sadness,Sadness,0.805482,tentative,Tentative,,,,,,
0.671925,sadness,Sadness,0.628438,tentative,Tentative,,,,,,,,,
0.511223,sadness,Sadness,0.51835,tentative,Tentative,,,,,,,,,
0.581951,joy,Joy,0.818552,confident,Confident,,,,,,,,,
0.588361,anger,Anger,,,,,,,,,,,,
0.571855,sadness,Sadness,0.751891,tentative,Tentative,,,,,,,,,
0.557601,anger,Anger,0.545592,sadness,Sadness,0.873083,confident,Confident,,,,,,
0.658786,sadness,Sadness,0.518766,analytical,Analytical,,,,,,,,,
,,,,,,,,,,,,,,
0.706333,sadness,Sadness,0.58475,tentative,Tentative,,,,,,,,,
0.824348,tentative,Tentative,,,,,,,,,,,,
0.803535,joy,Joy,0.793855,analytical,Analytical,,,,,,,,,
0.503096,joy,Joy,0.500468,tentative,Tentative,,,,,,,,,
0.664175,tentative,Tentative,,,,,,,,,,,,
0.781591,joy,Joy,0.586281,tentative,Tentative,,,,,,,,,
0.712174,sadness,Sadness,0.658425,analytical,Analytical,0.803012,tentative,Tentative,,,,,,
0.695013,sadness,Sadness,0.887226,tentative,Tentative,,,,,,,,,
0.60147,anger,Anger,0.914329,tentative,Tentative,,,,,,,,,
0.505162,sadness,Sadness,,,,,,,,,,,,
0.642717,sadness,Sadness,0.986992,tentative,Tentative,0.754861,analytical,Analytical,,,,,,
0.855362,analytical,Analytical,0.833659,tentative,Tentative,,,,,,,,,
0.507978,anger,Anger,0.932219,tentative,Tentative,,,,,,,,,
0.635453,joy,Joy,0.771787,confident,Confident,,,,,,,,,
,,,,,,,,,,,,,,
0.699274,anger,Anger,,,,,,,,,,,,
0.929128,confident,Confident,0.707538,analytical,Analytical,,,,,,,,,
0.543098,joy,Joy,0.874176,confident,Confident,0.789542,analytical,Analytical,,,,,,
0.746055,sadness,Sadness,0.629267,confident,Confident,0.682376,analytical,Analytical,,,,,,
0.796812,joy,Joy,0.708531,confident,Confident,,,,,,,,,
,,,,,,,,,,,,,,
0.505684,sadness,Sadness,,,,,,,,,,,,
0.528577,sadness,Sadness,,,,,,,,,,,,
0.578937,sadness,Sadness,,,,,,,,,,,,
0.572712,sadness,Sadness,,,,,,,,,,,,
0.562112,sadness,Sadness,0.526322,tentative,Tentative,,,,,,,,,
0.822656,tentative,Tentative,,,,,,,,,,,,
0.704592,joy,Joy,0.532803,tentative,Tentative,,,,,,,,,
0.512961,joy,Joy,,,,,,,,,,,,
0.710805,fear,Fear,0.655568,anger,Anger,0.626198,sadness,Sadness,0.74629,tentative,Tentative,,,
,,,,,,,,,,,,,,
0.668438,anger,Anger,0.844954,confident,Confident,,,,,,,,,
0.74194,joy,Joy,,,,,,,,,,,,
0.877616,joy,Joy,0.60858,tentative,Tentative,,,,,,,,,
0.735874,sadness,Sadness,,,,,,,,,,,,
0.602504,fear,Fear,0.553681,sadness,Sadness,0.631794,tentative,Tentative,,,,,,
0.7161,sadness,Sadness,0.801068,tentative,Tentative,,,,,,,,,
0.842503,confident,Confident,,,,,,,,,,,,
0.592728,sadness,Sadness,0.96409,tentative,Tentative,0.641102,analytical,Analytical,,,,,,
0.544501,joy,Joy,0.547016,analytical,Analytical,,,,,,,,,
0.917542,tentative,Tentative,,,,,,,,,,,,
0.525598,anger,Anger,,,,,,,,,,,,
0.81681,anger,Anger,0.908151,tentative,Tentative,,,,,,,,,
0.673924,tentative,Tentative,,,,,,,,,,,,
0.542465,sadness,Sadness,0.68054,tentative,Tentative,,,,,,,,,
0.523938,sadness,Sadness,0.910971,tentative,Tentative,,,,,,,,,
0.742089,sadness,Sadness,0.621833,tentative,Tentative,,,,,,,,,
0.805962,anger,Anger,0.60167,confident,Confident,,,,,,,,,
0.667307,sadness,Sadness,0.927447,tentative,Tentative,,,,,,,,,
,,,,,,,,,,,,,,
0.664175,tentative,Tentative,,,,,,,,,,,,
0.509903,sadness,Sadness,0.925447,tentative,Tentative,,,,,,,,,
0.659644,sadness,Sadness,0.705759,analytical,Analytical,,,,,,,,,
0.831111,tentative,Tentative,,,,,,,,,,,,
0.815423,anger,Anger,0.673723,tentative,Tentative,,,,,,,,,
0.620423,analytical,Analytical,0.692385,tentative,Tentative,,,,,,,,,
0.58086,sadness,Sadness,,,,,,,,,,,,
0.764224,tentative,Tentative,,,,,,,,,,,,
0.601315,sadness,Sadness,0.723642,tentative,Tentative,,,,,,,,,
0.540578,sadness,Sadness,,,,,,,,,,,,
0.567093,joy,Joy,0.569593,sadness,Sadness,0.881409,analytical,Analytical,,,,,,
0.603739,anger,Anger,,,,,,,,,,,,
0.902672,confident,Confident,,,,,,,,,,,,
0.581537,joy,Joy,0.678012,anger,Anger,,,,,,,,,
0.604017,sadness,Sadness,0.888966,tentative,Tentative,,,,,,,,,
0.605512,anger,Anger,,,,,,,,,,,,
0.568965,anger,Anger,0.641588,joy,Joy,0.576762,sadness,Sadness,,,,,,
0.605713,sadness,Sadness,0.818738,analytical,Analytical,,,,,,,,,
0.562433,anger,Anger,,,,,,,,,,,,
,,,,,,,,,,,,,,
0.781206,joy,Joy,0.905937,tentative,Tentative,,,,,,,,,
0.512075,tentative,Tentative,,,,,,,,,,,,
0.632158,fear,Fear,0.523032,sadness,Sadness,0.571172,confident,Confident,,,,,,
0.93128,confident,Confident,,,,,,,,,,,,
0.574116,sadness,Sadness,0.918209,tentative,Tentative,,,,,,,,,
,,,,,,,,,,,,,,
0.749647,sadness,Sadness,,,,,,,,,,,,
0.970844,confident,Confident,0.730972,analytical,Analytical,,,,,,,,,
0.743634,sadness,Sadness,0.908826,tentative,Tentative,,,,,,,,,
0.511282,sadness,Sadness,0.677232,analytical,Analytical,0.923938,tentative,Tentative,,,,,,
0.717874,anger,Anger,0.628072,tentative,Tentative,0.912706,analytical,Analytical,,,,,,
0.620072,tentative,Tentative,0.808717,analytical,Analytical,,,,,,,,,
0.52745,anger,Anger,0.721854,fear,Fear,0.671071,confident,Confident,,,,,,
0.618784,tentative,Tentative,,,,,,,,,,,,
0.646388,sadness,Sadness,0.657449,tentative,Tentative,,,,,,,,,
0.592407,fear,Fear,0.566269,joy,Joy,0.878094,confident,Confident,,,,,,
0.729279,tentative,Tentative,,,,,,,,,,,,
0.753081,tentative,Tentative,,,,,,,,,,,,
0.645321,sadness,Sadness,0.933398,tentative,Tentative,0.558231,analytical,Analytical,,,,,,
,,,,,,,,,,,,,,
0.68497,sadness,Sadness,0.550496,tentative,Tentative,,,,,,,,,
0.723908,joy,Joy,0.775112,tentative,Tentative,,,,,,,,,
0.527895,sadness,Sadness,0.57924,analytical,Analytical,0.881161,tentative,Tentative,,,,,,
0.985224,tentative,Tentative,,,,,,,,,,,,
0.622128,anger,Anger,0.729128,tentative,Tentative,0.793623,analytical,Analytical,,,,,,
0.795516,tentative,Tentative,,,,,,,,,,,,
0.586971,sadness,Sadness,,,,,,,,,,,,
0.574065,fear,Fear,0.526858,tentative,Tentative,,,,,,,,,
0.536195,anger,Anger,,,,,,,,,,,,
0.823015,sadness,Sadness,0.515601,analytical,Analytical,,,,,,,,,
0.525461,anger,Anger,0.561773,tentative,Tentative,,,,,,,,,
0.545514,sadness,Sadness,,,,,,,,,,,,
0.740365,joy,Joy,0.787843,analytical,Analytical,0.764224,tentative,Tentative,,,,,,
0.781498,sadness,Sadness,0.605338,tentative,Tentative,,,,,,,,,
0.760882,sadness,Sadness,,,,,,,,,,,,
0.556141,joy,Joy,0.882696,confident,Confident,,,,,,,,,
0.662131,joy,Joy,0.661088,tentative,Tentative,0.637874,analytical,Analytical,,,,,,
0.659167,anger,Anger,,,,,,,,,,,,
0.590808,joy,Joy,,,,,,,,,,,,
0.632931,joy,Joy,0.527921,tentative,Tentative,,,,,,,,,
0.570504,anger,Anger,,,,,,,,,,,,
0.525801,anger,Anger,0.822511,tentative,Tentative,,,,,,,,,
0.517738,anger,Anger,0.583147,joy,Joy,,,,,,,,,
0.73805,tentative,Tentative,,,,,,,,,,,,
0.616875,sadness,Sadness,0.553782,analytical,Analytical,,,,,,,,,
0.775648,sadness,Sadness,0.742866,analytical,Analytical,0.899169,tentative,Tentative,,,,,,
0.63775,sadness,Sadness,0.731284,tentative,Tentative,,,,,,,,,
0.887604,sadness,Sadness,,,,,,,,,,,,
0.563315,anger,Anger,0.793916,tentative,Tentative,,,,,,,,,
0.608545,joy,Joy,0.668556,tentative,Tentative,,,,,,,,,
0.595681,sadness,Sadness,0.595835,confident,Confident,,,,,,,,,
0.596409,sadness,Sadness,0.752761,tentative,Tentative,0.807561,analytical,Analytical,,,,,,
0.636692,sadness,Sadness,0.981524,confident,Confident,,,,,,,,,
0.511955,anger,Anger,0.550228,sadness,Sadness,0.718218,confident,Confident,,,,,,
0.502387,joy,Joy,0.570479,analytical,Analytical,,,,,,,,,
0.679735,joy,Joy,0.582892,tentative,Tentative,,,,,,,,,
,,,,,,,,,,,,,,
0.544591,anger,Anger,,,,,,,,,,,,
0.656117,joy,Joy,0.762118,confident,Confident,,,,,,,,,
0.795521,tentative,Tentative,,,,,,,,,,,,
0.838755,tentative,Tentative,,,,,,,,,,,,
0.845134,sadness,Sadness,,,,,,,,,,,,
0.510315,anger,Anger,0.562306,joy,Joy,0.590458,tentative,Tentative,0.569052,analytical,Analytical,,,
0.572185,sadness,Sadness,0.519779,fear,Fear,,,,,,,,,
0.520427,sadness,Sadness,0.614962,analytical,Analytical,0.907353,tentative,Tentative,,,,,,
0.876366,tentative,Tentative,,,,,,,,,,,,
,,,,,,,,,,,,,,
0.829412,tentative,Tentative,0.536421,analytical,Analytical,,,,,,,,,
,,,,,,,,,,,,,,
0.702011,anger,Anger,,,,,,,,,,,,
0.730158,sadness,Sadness,0.917968,tentative,Tentative,,,,,,,,,
0.683478,joy,Joy,0.893364,tentative,Tentative,0.658425,analytical,Analytical,,,,,,
0.641735,anger,Anger,0.853178,tentative,Tentative,,,,,,,,,
0.552712,sadness,Sadness,0.603259,confident,Confident,,,,,,,,,
0.815753,sadness,Sadness,0.618288,analytical,Analytical,0.906343,tentative,Tentative,,,,,,
0.556651,anger,Anger,0.916364,tentative,Tentative,0.70332,analytical,Analytical,,,,,,
0.55999,sadness,Sadness,0.842596,tentative,Tentative,,,,,,,,,
0.691927,sadness,Sadness,0.70397,tentative,Tentative,,,,,,,,,
0.52517,anger,Anger,0.564548,sadness,Sadness,,,,,,,,,
0.538105,sadness,Sadness,0.949782,tentative,Tentative,,,,,,,,,
0.766539,sadness,Sadness,0.562228,tentative,Tentative,,,,,,,,,
0.855179,tentative,Tentative,0.664748,analytical,Analytical,,,,,,,,,
0.65359,joy,Joy,0.854009,tentative,Tentative,,,,,,,,,
0.741484,sadness,Sadness,0.94387,tentative,Tentative,,,,,,,,,
0.51606,sadness,Sadness,,,,,,,,,,,,
0.854009,tentative,Tentative,0.730105,analytical,Analytical,,,,,,,,,
0.921414,sadness,Sadness,,,,,,,,,,,,
0.852271,confident,Confident,,,,,,,,,,,,
0.647356,confident,Confident,,,,,,,,,,,,
0.521651,sadness,Sadness,,,,,,,,,,,,
0.52978,fear,Fear,,,,,,,,,,,,
0.664304,anger,Anger,0.631794,tentative,Tentative,,,,,,,,,
0.500112,fear,Fear,0.609026,tentative,Tentative,,,,,,,,,
,,,,,,,,,,,,,,
0.901674,tentative,Tentative,,,,,,,,,,,,
,,,,,,,,,,,,,,
0.655944,sadness,Sadness,0.717335,tentative,Tentative,,,,,,,,,
0.512942,joy,Joy,0.680587,sadness,Sadness,0.79901,confident,Confident,,,,,,
0.633745,fear,Fear,,,,,,,,,,,,
,,,,,,,,,,,,,,
0.8292,tentative,Tentative,,,,,,,,,,,,
0.837799,tentative,Tentative,,,,,,,,,,,,
0.689515,tentative,Tentative,,,,,,,,,,,,
0.641633,joy,Joy,0.883671,tentative,Tentative,,,,,,,,,
0.514157,tentative,Tentative,,,,,,,,,,,,
,,,,,,,,,,,,,,
,,,,,,,,,,,,,,
,,,,,,,,,,,,,,
0.505492,anger,Anger,0.666926,sadness,Sadness,,,,,,,,,
0.5857,analytical,Analytical,,,,,,,,,,,,
0.651842,tentative,Tentative,,,,,,,,,,,,
0.60019,sadness,Sadness,0.943467,tentative,Tentative,0.581563,analytical,Analytical,,,,,,
0.549073,sadness,Sadness,0.901638,tentative,Tentative,,,,,,,,,
0.590754,joy,Joy,0.529319,tentative,Tentative,,,,,,,,,
0.815662,tentative,Tentative,,,,,,,,,,,,
0.636336,sadness,Sadness,,,,,,,,,,,,
0.616822,anger,Anger,0.589137,fear,Fear,,,,,,,,,
0.657568,sadness,Sadness,0.84639,tentative,Tentative,0.690857,analytical,Analytical,,,,,,
0.570151,joy,Joy,0.635899,confident,Confident,,,,,,,,,
0.508722,sadness,Sadness,0.611933,anger,Anger,0.874564,confident,Confident,,,,,,
0.551921,sadness,Sadness,0.950723,tentative,Tentative,0.620151,analytical,Analytical,,,,,,
0.662071,anger,Anger,,,,,,,,,,,,
0.773585,sadness,Sadness,,,,,,,,,,,,
0.607136,anger,Anger,,,,,,,,,,,,
0.66243,sadness,Sadness,,,,,,,,,,,,
0.522505,joy,Joy,0.612809,tentative,Tentative,,,,,,,,,
0.598471,anger,Anger,0.752665,confident,Confident,,,,,,,,,
0.503749,anger,Anger,0.641338,tentative,Tentative,,,,,,,,,
0.560225,sadness,Sadness,0.537725,tentative,Tentative,,,,,,,,,
0.806471,tentative,Tentative,,,,,,,,,,,,
0.552148,sadness,Sadness,0.631794,tentative,Tentative,,,,,,,,,
0.752282,analytical,Analytical,,,,,,,,,,,,
0.518728,anger,Anger,0.539144,sadness,Sadness,0.868881,confident,Confident,,,,,,
0.628208,sadness,Sadness,,,,,,,,,,,,
0.524425,sadness,Sadness,0.621183,confident,Confident,0.541163,analytical,Analytical,,,,,,
0.638192,anger,Anger,0.97409,confident,Confident,,,,,,,,,
,,,,,,,,,,,,,,
0.640344,sadness,Sadness,0.752665,confident,Confident,,,,,,,,,
0.593056,sadness,Sadness,0.631794,tentative,Tentative,,,,,,,,,
0.592943,sadness,Sadness,0.675813,anger,Anger,0.892825,tentative,Tentative,0.637256,analytical,Analytical,,,
0.569965,anger,Anger,0.638303,sadness,Sadness,,,,,,,,,
0.838963,anger,Anger,,,,,,,,,,,,
,,,,,,,,,,,,,,
0.630367,sadness,Sadness,,,,,,,,,,,,
0.706807,sadness,Sadness,,,,,,,,,,,,
0.685966,anger,Anger,0.604939,sadness,Sadness,,,,,,,,,
0.790407,tentative,Tentative,,,,,,,,,,,,
0.646511,joy,Joy,0.719408,confident,Confident,,,,,,,,,
0.786506,joy,Joy,0.967136,confident,Confident,,,,,,,,,
0.711934,sadness,Sadness,,,,,,,,,,,,
0.61624,anger,Anger,0.758034,confident,Confident,,,,,,,,,
0.776284,sadness,Sadness,0.942161,confident,Confident,,,,,,,,,
0.755762,sadness,Sadness,0.851584,confident,Confident,,,,,,,,,
0.588337,joy,Joy,0.625012,confident,Confident,,,,,,,,,
0.705982,tentative,Tentative,,,,,,,,,,,,
0.627554,sadness,Sadness,,,,,,,,,,,,
0.540464,joy,Joy,,,,,,,,,,,,
0.855277,tentative,Tentative,,,,,,,,,,,,
0.70337,sadness,Sadness,,,,,,,,,,,,
0.539018,fear,Fear,0.783581,tentative,Tentative,,,,,,,,,
0.692428,sadness,Sadness,,,,,,,,,,,,
0.770069,sadness,Sadness,0.951418,tentative,Tentative,,,,,,,,,
0.749848,tentative,Tentative,,,,,,,,,,,,
0.642856,sadness,Sadness,0.832594,tentative,Tentative,,,,,,,,,
0.659645,joy,Joy,,,,,,,,,,,,
0.738482,sadness,Sadness,0.710923,confident,Confident,,,,,,,,,
0.683807,tentative,Tentative,,,,,,,,,,,,
0.647781,tentative,Tentative,,,,,,,,,,,,
,,,,,,,,,,,,,,
0.620847,anger,Anger,0.936702,tentative,Tentative,,,,,,,,,
0.654012,sadness,Sadness,0.769102,tentative,Tentative,,,,,,,,,
0.578962,joy,Joy,0.761129,tentative,Tentative,,,,,,,,,
0.737054,anger,Anger,0.703131,fear,Fear,0.508637,tentative,Tentative,,,,,,
0.692719,fear,Fear,0.508391,joy,Joy,0.64212,anger,Anger,0.58036,sadness,Sadness,,,
0.536684,sadness,Sadness,,,,,,,,,,,,
0.592389,sadness,Sadness,0.583055,tentative,Tentative,,,,,,,,,
0.552507,fear,Fear,0.626364,tentative,Tentative,,,,,,,,,
0.676003,sadness,Sadness,0.652357,anger,Anger,0.624558,fear,Fear,0.894374,tentative,Tentative,0.748189,analytical,Analytical
0.532528,joy,Joy,0.503392,anger,Anger,,,,,,,,,
0.565793,sadness,Sadness,0.590668,tentative,Tentative,,,,,,,,,
0.599856,fear,Fear,0.872194,confident,Confident,,,,,,,,,
0.780034,confident,Confident,,,,,,,,,,,,
0.545505,sadness,Sadness,0.889688,tentative,Tentative,,,,,,,,,
0.597991,anger,Anger,0.778115,tentative,Tentative,,,,,,,,,
0.871048,sadness,Sadness,,,,,,,,,,,,
0.931592,tentative,Tentative,,,,,,,,,,,,
0.611651,anger,Anger,,,,,,,,,,,,
0.68355,anger,Anger,0.643878,analytical,Analytical,,,,,,,,,
0.697419,joy,Joy,0.764666,confident,Confident,,,,,,,,,
0.594889,sadness,Sadness,0.706892,tentative,Tentative,,,,,,,,,
0.611999,sadness,Sadness,0.630323,analytical,Analytical,0.692385,tentative,Tentative,,,,,,
0.684162,sadness,Sadness,0.540735,tentative,Tentative,,,,,,,,,
,,,,,,,,,,,,,,
0.564615,joy,Joy,,,,,,,,,,,,
0.792168,joy,Joy,,,,,,,,,,,,
0.661916,sadness,Sadness,0.72106,tentative,Tentative,0.655879,analytical,Analytical,,,,,,
0.776054,joy,Joy,0.503849,tentative,Tentative,,,,,,,,,
0.525154,tentative,Tentative,,,,,,,,,,,,
,,,,,,,,,,,,,,
0.757318,confident,Confident,,,,,,,,,,,,
0.826138,anger,Anger,0.661415,tentative,Tentative,,,,,,,,,
0.634118,anger,Anger,0.667165,sadness,Sadness,0.677203,tentative,Tentative,,,,,,
0.637867,anger,Anger,,,,,,,,,,,,
0.612561,sadness,Sadness,,,,,,,,,,,,
0.572883,fear,Fear,0.564885,tentative,Tentative,,,,,,,,,
0.524536,sadness,Sadness,0.510004,tentative,Tentative,,,,,,,,,
0.622549,sadness,Sadness,0.625068,tentative,Tentative,,,,,,,,,
0.845103,sadness,Sadness,0.631794,tentative,Tentative,,,,,,,,,
0.632971,anger,Anger,,,,,,,,,,,,
0.584464,tentative,Tentative,0.604211,analytical,Analytical,,,,,,,,,
0.585792,sadness,Sadness,0.609788,confident,Confident,,,,,,,,,
0.870653,tentative,Tentative,,,,,,,,,,,,
0.67159,tentative,Tentative,,,,,,,,,,,,
0.687148,joy,Joy,,,,,,,,,,,,
0.664175,sadness,Sadness,,,,,,,,,,,,
0.850578,anger,Anger,0.652756,analytical,Analytical,0.768989,tentative,Tentative,,,,,,
0.783561,joy,Joy,0.968436,tentative,Tentative,0.730043,analytical,Analytical,,,,,,
0.532162,sadness,Sadness,0.598273,tentative,Tentative,0.818352,analytical,Analytical,,,,,,
0.635753,tentative,Tentative,,,,,,,,,,,,
0.985914,tentative,Tentative,,,,,,,,,,,,
0.801815,confident,Confident,0.622914,analytical,Analytical,,,,,,,,,
0.674373,confident,Confident,,,,,,,,,,,,
0.639107,fear,Fear,0.966,confident,Confident,,,,,,,,,
0.678441,joy,Joy,0.921978,tentative,Tentative,,,,,,,,,
0.715152,anger,Anger,,,,,,,,,,,,
0.544268,anger,Anger,0.920673,tentative,Tentative,0.855124,analytical,Analytical,,,,,,
0.547338,anger,Anger,0.564862,sadness,Sadness,,,,,,,,,
0.734416,joy,Joy,0.706892,tentative,Tentative,,,,,,,,,
0.731561,joy,Joy,0.827288,tentative,Tentative,,,,,,,,,
0.641601,anger,Anger,0.649941,confident,Confident,,,,,,,,,
0.775246,anger,Anger,0.575471,tentative,Tentative,,,,,,,,,
0.76965,sadness,Sadness,,,,,,,,,,,,
0.635379,sadness,Sadness,0.53373,analytical,Analytical,0.950311,tentative,Tentative,,,,,,
0.93535,tentative,Tentative,,,,,,,,,,,,
0.667543,sadness,Sadness,0.627908,confident,Confident,,,,,,,,,
0.582631,sadness,Sadness,0.534858,anger,Anger,0.682544,analytical,Analytical,,,,,,
0.523396,anger,Anger,,,,,,,,,,,,
0.636699,sadness,Sadness,,,,,,,,,,,,
0.559046,sadness,Sadness,,,,,,,,,,,,
0.795985,tentative,Tentative,,,,,,,,,,,,
0.725115,sadness,Sadness,0.947909,confident,Confident,0.512438,analytical,Analytical,,,,,,
0.73311,sadness,Sadness,0.712798,tentative,Tentative,,,,,,,,,
0.606488,anger,Anger,0.945953,tentative,Tentative,,,,,,,,,
,,,,,,,,,,,,,,
0.664666,anger,Anger,,,,,,,,,,,,
0.536931,sadness,Sadness,0.697275,confident,Confident,,,,,,,,,
0.642526,sadness,Sadness,,,,,,,,,,,,
0.701367,anger,Anger,0.895091,tentative,Tentative,,,,,,,,,
0.593963,anger,Anger,,,,,,,,,,,,
0.537823,sadness,Sadness,0.6048,tentative,Tentative,,,,,,,,,
0.775027,sadness,Sadness,0.562567,confident,Confident,,,,,,,,,
0.727444,sadness,Sadness,0.633581,confident,Confident,,,,,,,,,
0.570657,anger,Anger,0.7242,confident,Confident,,,,,,,,,
0.665852,sadness,Sadness,,,,,,,,,,,,
0.552544,sadness,Sadness,,,,,,,,,,,,
0.618887,confident,Confident,,,,,,,,,,,,
0.765073,sadness,Sadness,,,,,,,,,,,,
0.749448,sadness,Sadness,0.83119,analytical,Analytical,0.720805,tentative,Tentative,,,,,,
0.571512,sadness,Sadness,0.677232,analytical,Analytical,0.654758,tentative,Tentative,,,,,,
0.510249,sadness,Sadness,0.728913,analytical,Analytical,0.825696,tentative,Tentative,,,,,,
0.752086,tentative,Tentative,0.679315,analytical,Analytical,,,,,,,,,
0.825294,sadness,Sadness,,,,,,,,,,,,
0.734593,tentative,Tentative,,,,,,,,,,,,
0.581785,anger,Anger,0.901121,tentative,Tentative,,,,,,,,,
0.599714,sadness,Sadness,,,,,,,,,,,,
0.554648,anger,Anger,0.946723,tentative,Tentative,,,,,,,,,
0.653804,sadness,Sadness,0.837906,tentative,Tentative,,,,,,,,,
0.508342,joy,Joy,0.814556,tentative,Tentative,,,,,,,,,
0.570791,joy,Joy,0.817496,tentative,Tentative,,,,,,,,,
0.512897,anger,Anger,0.585257,analytical,Analytical,,,,,,,,,
0.618513,tentative,Tentative,,,,,,,,,,,,
0.562964,joy,Joy,,,,,,,,,,,,
0.51006,sadness,Sadness,0.760054,analytical,Analytical,0.780526,tentative,Tentative,,,,,,
,,,,,,,,,,,,,,
0.515321,sadness,Sadness,0.908858,tentative,Tentative,,,,,,,,,
0.598181,sadness,Sadness,0.712014,confident,Confident,,,,,,,,,
0.568962,anger,Anger,0.550657,fear,Fear,0.935175,tentative,Tentative,,,,,,
0.527341,confident,Confident,0.878911,analytical,Analytical,,,,,,,,,
0.614686,sadness,Sadness,,,,,,,,,,,,
0.560049,sadness,Sadness,0.910655,tentative,Tentative,,,,,,,,,
0.538179,joy,Joy,,,,,,,,,,,,
0.568316,confident,Confident,0.644171,analytical,Analytical,,,,,,,,,
0.50317,tentative,Tentative,0.61361,analytical,Analytical,,,,,,,,,
0.53272,fear,Fear,0.665386,sadness,Sadness,0.561139,tentative,Tentative,,,,,,
0.652951,sadness,Sadness,0.681273,anger,Anger,0.63579,joy,Joy,0.662976,fear,Fear,0.800886,tentative,Tentative
0.714911,sadness,Sadness,0.79193,confident,Confident,,,,,,,,,
0.517802,joy,Joy,0.948539,tentative,Tentative,,,,,,,,,
0.584982,joy,Joy,0.727532,sadness,Sadness,,,,,,,,,
0.681689,sadness,Sadness,0.864443,tentative,Tentative,,,,,,,,,
0.800051,tentative,Tentative,,,,,,,,,,,,
0.688207,anger,Anger,0.625612,confident,Confident,,,,,,,,,
0.539975,anger,Anger,0.550114,sadness,Sadness,,,,,,,,,
0.612773,sadness,Sadness,0.954322,tentative,Tentative,0.534356,analytical,Analytical,,,,,,
0.525023,sadness,Sadness,0.58675,anger,Anger,0.561373,joy,Joy,,,,,,
0.604256,joy,Joy,0.820919,tentative,Tentative,,,,,,,,,
0.659277,anger,Anger,0.605563,joy,Joy,0.90177,tentative,Tentative,0.656779,analytical,Analytical,,,
0.545706,anger,Anger,0.836844,tentative,Tentative,,,,,,,,,
0.760564,tentative,Tentative,,,,,,,,,,,,
0.500936,anger,Anger,0.556389,sadness,Sadness,,,,,,,,,
0.706648,anger,Anger,0.566407,confident,Confident,,,,,,,,,
0.520646,sadness,Sadness,0.553731,tentative,Tentative,,,,,,,,,
,,,,,,,,,,,,,,
0.804523,analytical,Analytical,,,,,,,,,,,,
0.634612,anger,Anger,0.582257,fear,Fear,0.691215,sadness,Sadness,0.742939,tentative,Tentative,,,
0.658461,joy,Joy,0.61457,confident,Confident,0.787029,analytical,Analytical,,,,,,
,,,,,,,,,,,,,,
0.860197,joy,Joy,0.543663,analytical,Analytical,,,,,,,,,
0.592793,tentative,Tentative,,,,,,,,,,,,
0.952443,tentative,Tentative,0.692736,analytical,Analytical,,,,,,,,,
0.91132,confident,Confident,,,,,,,,,,,,
0.56141,joy,Joy,0.617927,tentative,Tentative,,,,,,,,,
0.683961,joy,Joy,,,,,,,,,,,,
0.638873,sadness,Sadness,0.928377,tentative,Tentative,0.788346,analytical,Analytical,,,,,,
,,,,,,,,,,,,,,
0.712175,sadness,Sadness,,,,,,,,,,,,
0.62049,sadness,Sadness,0.830635,tentative,Tentative,0.814359,analytical,Analytical,,,,,,
0.732791,sadness,Sadness,0.752665,confident,Confident,,,,,,,,,
0.53835,sadness,Sadness,0.694862,confident,Confident,0.704112,analytical,Analytical,,,,,,
0.734367,sadness,Sadness,0.681985,tentative,Tentative,,,,,,,,,
0.726613,confident,Confident,,,,,,,,,,,,
0.714186,sadness,Sadness,0.526039,tentative,Tentative,,,,,,,,,
0.568971,sadness,Sadness,0.979816,confident,Confident,,,,,,,,,
0.565701,joy,Joy,,,,,,,,,,,,
0.643804,sadness,Sadness,,,,,,,,,,,,
0.64949,sadness,Sadness,0.793207,tentative,Tentative,,,,,,,,,
0.887087,confident,Confident,,,,,,,,,,,,
0.711084,sadness,Sadness,0.859242,analytical,Analytical,,,,,,,,,
0.658425,sadness,Sadness,0.556265,joy,Joy,0.620424,tentative,Tentative,,,,,,
0.717628,sadness,Sadness,,,,,,,,,,,,
0.573428,sadness,Sadness,0.93284,tentative,Tentative,,,,,,,,,
0.521976,tentative,Tentative,,,,,,,,,,,,
0.709396,joy,Joy,0.906767,tentative,Tentative,,,,,,,,,
0.507648,anger,Anger,0.766185,confident,Confident,0.662784,analytical,Analytical,,,,,,
,,,,,,,,,,,,,,
0.80163,anger,Anger,0.6031,tentative,Tentative,,,,,,,,,
0.514257,joy,Joy,0.597367,anger,Anger,,,,,,,,,
0.669897,anger,Anger,0.515201,tentative,Tentative,,,,,,,,,
0.699164,joy,Joy,,,,,,,,,,,,
0.655876,sadness,Sadness,0.581761,tentative,Tentative,,,,,,,,,
0.514753,tentative,Tentative,,,,,,,,,,,,
,,,,,,,,,,,,,,
0.548128,sadness,Sadness,0.580308,fear,Fear,0.728509,analytical,Analytical,,,,,,
,,,,,,,,,,,,,,
,,,,,,,,,,,,,,
0.570201,sadness,Sadness,,,,,,,,,,,,
0.625852,sadness,Sadness,0.811132,tentative,Tentative,,,,,,,,,
0.826958,joy,Joy,0.68097,tentative,Tentative,,,,,,,,,
0.788262,sadness,Sadness,0.870778,tentative,Tentative,0.560813,analytical,Analytical,,,,,,
0.674158,sadness,Sadness,0.642773,joy,Joy,0.639737,tentative,Tentative,0.736538,analytical,Analytical,,,
0.793806,sadness,Sadness,0.899011,tentative,Tentative,0.571666,analytical,Analytical,,,,,,
0.676278,joy,Joy,0.82477,confident,Confident,,,,,,,,,
0.557553,sadness,Sadness,,,,,,,,,,,,
0.707416,sadness,Sadness,0.853848,analytical,Analytical,0.766705,tentative,Tentative,,,,,,
0.605255,sadness,Sadness,,,,,,,,,,,,
0.609461,sadness,Sadness,0.526858,tentative,Tentative,,,,,,,,,
0.514235,anger,Anger,,,,,,,,,,,,
0.668792,joy,Joy,0.667806,tentative,Tentative,,,,,,,,,
,,,,,,,,,,,,,,
,,,,,,,,,,,,,,
0.672473,sadness,Sadness,0.880065,confident,Confident,,,,,,,,,
,,,,,,,,,,,,,,
0.507492,joy,Joy,0.91171,confident,Confident,,,,,,,,,
0.580949,sadness,Sadness,0.678324,confident,Confident,,,,,,,,,
0.58901,joy,Joy,0.857364,tentative,Tentative,,,,,,,,,
0.862556,sadness,Sadness,0.827288,tentative,Tentative,0.706075,analytical,Analytical,,,,,,
0.71039,joy,Joy,0.502805,analytical,Analytical,,,,,,,,,
0.82749,sadness,Sadness,0.901354,tentative,Tentative,,,,,,,,,
0.692942,joy,Joy,,,,,,,,,,,,
,,,,,,,,,,,,,,
0.588868,joy,Joy,0.562562,tentative,Tentative,,,,,,,,,
0.725253,joy,Joy,0.544371,tentative,Tentative,,,,,,,,,
0.739689,tentative,Tentative,,,,,,,,,,,,
,,,,,,,,,,,,,,
0.546902,sadness,Sadness,0.502832,tentative,Tentative,,,,,,,,,
0.622627,sadness,Sadness,0.626262,fear,Fear,,,,,,,,,
0.920704,confident,Confident,,,,,,,,,,,,
0.729823,sadness,Sadness,,,,,,,,,,,,
0.690743,tentative,Tentative,,,,,,,,,,,,
0.503464,anger,Anger,,,,,,,,,,,,
0.715368,sadness,Sadness,0.845477,tentative,Tentative,,,,,,,,,
0.591771,sadness,Sadness,0.757135,confident,Confident,,,,,,,,,
0.519023,fear,Fear,0.572952,sadness,Sadness,,,,,,,,,
0.738828,fear,Fear,,,,,,,,,,,,
0.908376,confident,Confident,,,,,,,,,,,,
0.509216,joy,Joy,0.649885,sadness,Sadness,,,,,,,,,
0.747042,sadness,Sadness,0.944177,tentative,Tentative,,,,,,,,,
0.569421,sadness,Sadness,0.97401,confident,Confident,,,,,,,,,
0.832731,sadness,Sadness,,,,,,,,,,,,
0.758178,fear,Fear,0.622566,analytical,Analytical,,,,,,,,,
0.815535,tentative,Tentative,,,,,,,,,,,,
0.779986,anger,Anger,,,,,,,,,,,,
0.729542,sadness,Sadness,0.695848,confident,Confident,,,,,,,,,
0.556842,anger,Anger,0.648781,confident,Confident,,,,,,,,,
0.545074,sadness,Sadness,0.501197,anger,Anger,,,,,,,,,
,,,,,,,,,,,,,,
0.617371,fear,Fear,0.534429,sadness,Sadness,0.546403,confident,Confident,,,,,,
0.631131,sadness,Sadness,,,,,,,,,,,,
0.768405,sadness,Sadness,0.845423,confident,Confident,0.551743,analytical,Analytical,,,,,,
0.717791,sadness,Sadness,0.662517,tentative,Tentative,,,,,,,,,
0.778071,tentative,Tentative,,,,,,,,,,,,
0.548961,sadness,Sadness,0.506309,anger,Anger,0.803151,confident,Confident,,,,,,
0.708143,sadness,Sadness,0.808129,analytical,Analytical,,,,,,,,,
0.834691,analytical,Analytical,0.933496,tentative,Tentative,,,,,,,,,
0.542369,sadness,Sadness,,,,,,,,,,,,
0.537895,sadness,Sadness,0.512251,confident,Confident,0.53373,analytical,Analytical,,,,,,
0.627849,sadness,Sadness,0.671185,analytical,Analytical,,,,,,,,,
,,,,,,,,,,,,,,
0.709824,tentative,Tentative,,,,,,,,,,,,
0.646335,sadness,Sadness,0.61457,confident,Confident,,,,,,,,,
0.585343,sadness,Sadness,0.669172,tentative,Tentative,0.608082,analytical,Analytical,,,,,,
0.929579,tentative,Tentative,,,,,,,,,,,,
0.641804,joy,Joy,0.658892,confident,Confident,,,,,,,,,
0.521037,fear,Fear,0.924251,tentative,Tentative,,,,,,,,,
0.605338,tentative,Tentative,,,,,,,,,,,,
0.534938,sadness,Sadness,,,,,,,,,,,,
0.622293,sadness,Sadness,0.504637,anger,Anger,0.539178,joy,Joy,0.885992,tentative,Tentative,,,
0.666253,tentative,Tentative,,,,,,,,,,,,
0.600942,anger,Anger,,,,,,,,,,,,
0.71588,anger,Anger,0.520835,sadness,Sadness,0.645825,confident,Confident,,,,,,
0.507737,sadness,Sadness,0.524495,anger,Anger,0.512581,joy,Joy,0.551244,tentative,Tentative,,,
0.622446,sadness,Sadness,,,,,,,,,,,,
0.646765,sadness,Sadness,0.536784,tentative,Tentative,,,,,,,,,
0.636258,anger,Anger,0.65785,sadness,Sadness,0.849336,tentative,Tentative,,,,,,
0.660174,sadness,Sadness,,,,,,,,,,,,
0.825696,tentative,Tentative,,,,,,,,,,,,
0.880717,sadness,Sadness,0.892753,tentative,Tentative,,,,,,,,,
,,,,,,,,,,,,,,
0.682517,anger,Anger,,,,,,,,,,,,
0.769262,tentative,Tentative,,,,,,,,,,,,
0.637806,anger,Anger,0.575805,sadness,Sadness,0.609358,confident,Confident,,,,,,
0.543025,anger,Anger,,,,,,,,,,,,
0.592571,tentative,Tentative,,,,,,,,,,,,
0.698087,sadness,Sadness,0.708194,analytical,Analytical,,,,,,,,,
,,,,,,,,,,,,,,
0.707937,joy,Joy,0.698259,analytical,Analytical,,,,,,,,,
0.876948,sadness,Sadness,0.568182,tentative,Tentative,,,,,,,,,
0.783441,joy,Joy,,,,,,,,,,,,
0.86177,sadness,Sadness,,,,,,,,,,,,
0.545614,sadness,Sadness,0.586281,tentative,Tentative,,,,,,,,,
0.829537,tentative,Tentative,,,,,,,,,,,,
0.633867,joy,Joy,0.916662,tentative,Tentative,,,,,,,,,
0.865962,sadness,Sadness,0.76345,tentative,Tentative,,,,,,,,,
0.650233,joy,Joy,0.884736,tentative,Tentative,,,,,,,,,
0.632608,tentative,Tentative,,,,,,,,,,,,
0.758455,sadness,Sadness,0.637571,analytical,Analytical,,,,,,,,,
0.516544,joy,Joy,0.712461,analytical,Analytical,0.73278,tentative,Tentative,,,,,,
0.502172,sadness,Sadness,0.913283,tentative,Tentative,,,,,,,,,
0.734724,sadness,Sadness,0.885463,tentative,Tentative,0.755214,analytical,Analytical,,,,,,
0.802437,sadness,Sadness,0.811442,analytical,Analytical,,,,,,,,,
0.687534,tentative,Tentative,,,,,,,,,,,,
,,,,,,,,,,,,,,
0.505286,fear,Fear,0.572842,sadness,Sadness,0.802916,tentative,Tentative,,,,,,
,,,,,,,,,,,,,,
0.751144,fear,Fear,0.862401,tentative,Tentative,,,,,,,,,
0.713392,joy,Joy,0.882543,tentative,Tentative,0.733428,analytical,Analytical,,,,,,
0.848661,confident,Confident,,,,,,,,,,,,
0.687852,sadness,Sadness,0.883903,tentative,Tentative,,,,,,,,,
0.954899,confident,Confident,,,,,,,,,,,,
0.51356,fear,Fear,0.592712,sadness,Sadness,0.67582,tentative,Tentative,0.607352,analytical,Analytical,,,
0.585703,joy,Joy,0.538613,sadness,Sadness,,,,,,,,,
0.544938,anger,Anger,0.838209,tentative,Tentative,,,,,,,,,
0.698183,sadness,Sadness,0.900199,tentative,Tentative,,,,,,,,,
0.702645,sadness,Sadness,0.808964,tentative,Tentative,,,,,,,,,
0.603369,sadness,Sadness,,,,,,,,,,,,
0.513703,sadness,Sadness,0.791946,analytical,Analytical,,,,,,,,,
0.511948,sadness,Sadness,,,,,,,,,,,,
0.916982,tentative,Tentative,0.977647,analytical,Analytical,,,,,,,,,
0.721327,fear,Fear,0.83356,tentative,Tentative,,,,,,,,,
0.706094,joy,Joy,0.664175,tentative,Tentative,,,,,,,,,
0.7372,sadness,Sadness,0.971147,tentative,Tentative,,,,,,,,,
0.645685,joy,Joy,0.93143,tentative,Tentative,,,,,,,,,
0.89463,sadness,Sadness,0.93542,tentative,Tentative,,,,,,,,,
0.734293,sadness,Sadness,0.555203,tentative,Tentative,,,,,,,,,
0.500823,sadness,Sadness,,,,,,,,,,,,
,,,,,,,,,,,,,,
0.632083,anger,Anger,0.630972,sadness,Sadness,,,,,,,,,
0.608949,sadness,Sadness,0.555803,analytical,Analytical,0.841619,tentative,Tentative,,,,,,
0.59529,sadness,Sadness,,,,,,,,,,,,
0.684836,analytical,Analytical,0.851774,tentative,Tentative,,,,,,,,,
0.78066,anger,Anger,0.504732,confident,Confident,,,,,,,,,
0.570481,sadness,Sadness,0.88316,tentative,Tentative,,,,,,,,,
0.534878,tentative,Tentative,,,,,,,,,,,,
0.766273,joy,Joy,0.753426,tentative,Tentative,,,,,,,,,
0.551588,anger,Anger,0.79634,confident,Confident,,,,,,,,,
0.510555,sadness,Sadness,,,,,,,,,,,,
0.50116,sadness,Sadness,,,,,,,,,,,,
,,,,,,,,,,,,,,
,,,,,,,,,,,,,,
0.81978,sadness,Sadness,,,,,,,,,,,,
,,,,,,,,,,,,,,
0.616488,sadness,Sadness,0.761129,tentative,Tentative,,,,,,,,,
0.628921,sadness,Sadness,0.759698,confident,Confident,,,,,,,,,
0.539065,sadness,Sadness,,,,,,,,,,,,
0.6048,tentative,Tentative,,,,,,,,,,,,
0.54615,sadness,Sadness,0.583932,fear,Fear,,,,,,,,,
0.815134,tentative,Tentative,,,,,,,,,,,,
0.752061,joy,Joy,0.975099,tentative,Tentative,0.546292,analytical,Analytical,,,,,,
0.587481,sadness,Sadness,,,,,,,,,,,,
0.51835,tentative,Tentative,,,,,,,,,,,,
0.675499,joy,Joy,,,,,,,,,,,,
0.576292,sadness,Sadness,0.927835,tentative,Tentative,,,,,,,,,
0.560373,joy,Joy,0.696247,fear,Fear,0.617615,tentative,Tentative,0.511636,analytical,Analytical,,,
0.763106,sadness,Sadness,,,,,,,,,,,,
0.506376,analytical,Analytical,,,,,,,,,,,,
0.533927,sadness,Sadness,0.723823,tentative,Tentative,0.518073,analytical,Analytical,,,,,,
0.682803,sadness,Sadness,0.837713,tentative,Tentative,,,,,,,,,
0.738081,sadness,Sadness,0.609358,confident,Confident,,,,,,,,,
0.569666,sadness,Sadness,0.701942,confident,Confident,,,,,,,,,
0.606902,anger,Anger,,,,,,,,,,,,
,,,,,,,,,,,,,,
0.595214,sadness,Sadness,0.662517,tentative,Tentative,,,,,,,,,
,,,,,,,,,,,,,,
0.650544,sadness,Sadness,0.6365,joy,Joy,,,,,,,,,
0.507368,fear,Fear,0.644193,tentative,Tentative,,,,,,,,,
,,,,,,,,,,,,,,
,,,,,,,,,,,,,,
,,,,,,,,,,,,,,
0.566246,sadness,Sadness,0.531638,analytical,Analytical,0.590458,tentative,Tentative,,,,,,
0.611406,anger,Anger,,,,,,,,,,,,
0.602012,analytical,Analytical,,,,,,,,,,,,
0.707631,confident,Confident,,,,,,,,,,,,
0.852501,tentative,Tentative,,,,,,,,,,,,
0.716422,sadness,Sadness,0.931163,confident,Confident,,,,,,,,,
0.553966,anger,Anger,0.802916,tentative,Tentative,,,,,,,,,
0.675839,sadness,Sadness,,,,,,,,,,,,
0.867106,tentative,Tentative,,,,,,,,,,,,
0.749926,sadness,Sadness,,,,,,,,,,,,
0.531187,sadness,Sadness,0.8146,confident,Confident,0.656922,analytical,Analytical,,,,,,
0.609038,sadness,Sadness,0.577569,analytical,Analytical,,,,,,,,,
0.564858,anger,Anger,,,,,,,,,,,,
0.734184,sadness,Sadness,0.672899,confident,Confident,,,,,,,,,
0.569361,anger,Anger,0.622159,tentative,Tentative,,,,,,,,,
0.775381,confident,Confident,,,,,,,,,,,,
0.676093,joy,Joy,0.592138,tentative,Tentative,,,,,,,,,
0.858454,sadness,Sadness,0.884138,tentative,Tentative,,,,,,,,,
0.557688,joy,Joy,0.810742,tentative,Tentative,0.566031,analytical,Analytical,,,,,,
,,,,,,,,,,,,,,
0.503411,anger,Anger,,,,,,,,,,,,
0.557071,sadness,Sadness,0.536079,tentative,Tentative,,,,,,,,,
0.555204,joy,Joy,0.702497,sadness,Sadness,0.69296,tentative,Tentative,,,,,,
0.504613,sadness,Sadness,0.805196,tentative,Tentative,,,,,,,,,
0.571876,joy,Joy,0.779856,tentative,Tentative,,,,,,,,,
0.798966,sadness,Sadness,,,,,,,,,,,,
0.838073,joy,Joy,0.755578,tentative,Tentative,,,,,,,,,
0.695265,tentative,Tentative,,,,,,,,,,,,
0.602401,sadness,Sadness,0.827288,tentative,Tentative,,,,,,,,,
0.563545,sadness,Sadness,0.811378,tentative,Tentative,,,,,,,,,
0.582251,anger,Anger,,,,,,,,,,,,
0.549812,joy,Joy,0.920133,tentative,Tentative,,,,,,,,,
0.911912,tentative,Tentative,,,,,,,,,,,,
0.632679,joy,Joy,,,,,,,,,,,,
0.649665,joy,Joy,0.674204,tentative,Tentative,,,,,,,,,
0.713696,anger,Anger,0.666039,confident,Confident,,,,,,,,,
0.626846,sadness,Sadness,0.936899,tentative,Tentative,,,,,,,,,
0.631803,confident,Confident,,,,,,,,,,,,
0.681954,sadness,Sadness,0.517801,tentative,Tentative,,,,,,,,,
0.812783,anger,Anger,0.878816,tentative,Tentative,,,,,,,,,
0.676507,joy,Joy,0.978371,tentative,Tentative,0.672452,analytical,Analytical,,,,,,
0.597378,sadness,Sadness,,,,,,,,,,,,
0.685065,sadness,Sadness,0.896412,tentative,Tentative,,,,,,,,,
0.776826,sadness,Sadness,0.702512,tentative,Tentative,,,,,,,,,
,,,,,,,,,,,,,,
0.666002,anger,Anger,,,,,,,,,,,,
,,,,,,,,,,,,,,
0.554668,anger,Anger,,,,,,,,,,,,
0.506956,joy,Joy,0.783227,tentative,Tentative,,,,,,,,,
,,,,,,,,,,,,,,
0.851154,tentative,Tentative,0.583885,analytical,Analytical,,,,,,,,,
0.919666,tentative,Tentative,,,,,,,,,,,,
0.530444,sadness,Sadness,0.656995,confident,Confident,,,,,,,,,
0.796746,sadness,Sadness,,,,,,,,,,,,
0.771348,sadness,Sadness,0.709964,confident,Confident,,,,,,,,,
,,,,,,,,,,,,,,
0.620278,joy,Joy,0.886786,tentative,Tentative,,,,,,,,,
0.68667,sadness,Sadness,0.900574,tentative,Tentative,,,,,,,,,
0.512985,sadness,Sadness,0.726841,tentative,Tentative,,,,,,,,,
0.660385,joy,Joy,,,,,,,,,,,,
0.784606,joy,Joy,0.689515,tentative,Tentative,,,,,,,,,
0.529601,joy,Joy,0.89543,tentative,Tentative,,,,,,,,,
0.595248,sadness,Sadness,0.573263,tentative,Tentative,,,,,,,,,
0.543225,joy,Joy,0.581099,confident,Confident,,,,,,,,,
0.523235,sadness,Sadness,0.603649,analytical,Analytical,,,,,,,,,
0.618317,sadness,Sadness,,,,,,,,,,,,
0.505472,sadness,Sadness,0.678324,confident,Confident,,,,,,,,,
0.674075,sadness,Sadness,0.918855,tentative,Tentative,,,,,,,,,
0.555837,sadness,Sadness,0.805159,confident,Confident,,,,,,,,,
0.574506,joy,Joy,,,,,,,,,,,,
0.813143,tentative,Tentative,0.844972,analytical,Analytical,,,,,,,,,
,,,,,,,,,,,,,,
0.665306,joy,Joy,0.754037,confident,Confident,,,,,,,,,
0.536985,sadness,Sadness,0.692167,tentative,Tentative,,,,,,,,,
0.784723,joy,Joy,0.761879,analytical,Analytical,,,,,,,,,
0.850818,tentative,Tentative,,,,,,,,,,,,
0.57272,joy,Joy,,,,,,,,,,,,
0.768733,tentative,Tentative,,,,,,,,,,,,
0.715601,sadness,Sadness,0.60349,tentative,Tentative,,,,,,,,,
0.653745,anger,Anger,0.580099,confident,Confident,,,,,,,,,
0.545764,sadness,Sadness,,,,,,,,,,,,
0.637661,joy,Joy,0.72831,confident,Confident,,,,,,,,,
0.815177,sadness,Sadness,,,,,,,,,,,,
0.537477,anger,Anger,,,,,,,,,,,,
0.869677,tentative,Tentative,,,,,,,,,,,,
0.509335,analytical,Analytical,,,,,,,,,,,,
0.620413,joy,Joy,0.767565,tentative,Tentative,,,,,,,,,
0.533719,fear,Fear,0.816573,confident,Confident,,,,,,,,,
0.677865,joy,Joy,0.750294,analytical,Analytical,,,,,,,,,
0.560526,sadness,Sadness,0.758602,anger,Anger,,,,,,,,,
0.605833,sadness,Sadness,,,,,,,,,,,,
0.617938,sadness,Sadness,0.568731,analytical,Analytical,0.968811,tentative,Tentative,,,,,,
,,,,,,,,,,,,,,
0.781767,sadness,Sadness,0.716003,confident,Confident,,,,,,,,,
0.580578,fear,Fear,0.707737,confident,Confident,,,,,,,,,
0.753986,sadness,Sadness,0.92546,tentative,Tentative,,,,,,,,,
0.50973,sadness,Sadness,,,,,,,,,,,,
0.685949,sadness,Sadness,0.779903,confident,Confident,0.77121,analytical,Analytical,,,,,,
0.654815,fear,Fear,0.615859,analytical,Analytical,,,,,,,,,
0.823557,joy,Joy,0.642819,tentative,Tentative,,,,,,,,,
0.706891,sadness,Sadness,0.5603,analytical,Analytical,,,,,,,,,
0.520436,analytical,Analytical,,,,,,,,,,,,
0.638715,anger,Anger,0.740903,tentative,Tentative,,,,,,,,,
0.735428,anger,Anger,0.59834,tentative,Tentative,,,,,,,,,
0.565783,joy,Joy,0.695713,sadness,Sadness,,,,,,,,,
,,,,,,,,,,,,,,
0.806282,joy,Joy,,,,,,,,,,,,
0.595251,sadness,Sadness,,,,,,,,,,,,
0.717414,sadness,Sadness,,,,,,,,,,,,
0.749725,sadness,Sadness,0.614024,tentative,Tentative,,,,,,,,,
0.723894,sadness,Sadness,,,,,,,,,,,,
0.80474,joy,Joy,0.869433,tentative,Tentative,,,,,,,,,
0.649885,sadness,Sadness,,,,,,,,,,,,
0.578169,sadness,Sadness,0.653788,joy,Joy,0.853796,tentative,Tentative,,,,,,
0.667616,joy,Joy,,,,,,,,,,,,
,,,,,,,,,,,,,,
0.841964,sadness,Sadness,,,,,,,,,,,,
0.552302,sadness,Sadness,0.66695,joy,Joy,0.509015,confident,Confident,,,,,,
0.650795,joy,Joy,0.764701,tentative,Tentative,,,,,,,,,
0.638165,anger,Anger,0.929089,tentative,Tentative,,,,,,,,,
0.792798,sadness,Sadness,0.578897,tentative,Tentative,,,,,,,,,
0.608362,sadness,Sadness,0.905029,tentative,Tentative,,,,,,,,,
0.557294,sadness,Sadness,0.916214,confident,Confident,0.590395,analytical,Analytical,,,,,,
0.644579,sadness,Sadness,0.682082,tentative,Tentative,,,,,,,,,
0.561248,sadness,Sadness,0.753042,tentative,Tentative,,,,,,,,,
0.620966,tentative,Tentative,,,,,,,,,,,,
0.688441,tentative,Tentative,,,,,,,,,,,,
0.681166,sadness,Sadness,0.551135,confident,Confident,0.810677,analytical,Analytical,,,,,,
0.711925,tentative,Tentative,,,,,,,,,,,,
0.520162,fear,Fear,0.522616,joy,Joy,0.689081,sadness,Sadness,,,,,,
0.783168,anger,Anger,0.82996,confident,Confident,,,,,,,,,
0.769051,sadness,Sadness,0.892928,tentative,Tentative,,,,,,,,,
0.532559,joy,Joy,0.70051,confident,Confident,,,,,,,,,
0.587493,anger,Anger,,,,,,,,,,,,
0.70465,anger,Anger,,,,,,,,,,,,
0.526858,tentative,Tentative,,,,,,,,,,,,
0.526086,sadness,Sadness,0.723145,tentative,Tentative,,,,,,,,,
0.618951,sadness,Sadness,0.837713,tentative,Tentative,,,,,,,,,
0.703373,fear,Fear,0.691038,analytical,Analytical,,,,,,,,,
,,,,,,,,,,,,,,
0.762359,joy,Joy,0.812013,tentative,Tentative,0.908063,analytical,Analytical,,,,,,
0.583191,joy,Joy,0.534069,tentative,Tentative,,,,,,,,,
,,,,,,,,,,,,,,
0.571918,tentative,Tentative,,,,,,,,,,,,
0.520912,sadness,Sadness,0.952547,tentative,Tentative,,,,,,,,,
0.933838,tentative,Tentative,,,,,,,,,,,,
0.631461,anger,Anger,0.648557,tentative,Tentative,,,,,,,,,
0.646264,analytical,Analytical,,,,,,,,,,,,
0.61002,anger,Anger,,,,,,,,,,,,
0.796587,tentative,Tentative,,,,,,,,,,,,
0.727832,tentative,Tentative,,,,,,,,,,,,
0.615263,joy,Joy,0.725674,confident,Confident,,,,,,,,,
0.865448,tentative,Tentative,0.644049,analytical,Analytical,,,,,,,,,
,,,,,,,,,,,,,,
,,,,,,,,,,,,,,
0.552786,sadness,Sadness,0.924612,confident,Confident,,,,,,,,,
0.724646,fear,Fear,0.59941,sadness,Sadness,0.656776,tentative,Tentative,,,,,,
0.612601,sadness,Sadness,0.51835,tentative,Tentative,,,,,,,,,
0.60833,joy,Joy,0.525789,sadness,Sadness,0.647781,tentative,Tentative,,,,,,
0.504682,anger,Anger,0.535347,joy,Joy,0.665314,fear,Fear,0.754031,confident,Confident,,,
0.647621,anger,Anger,0.675187,analytical,Analytical,,,,,,,,,
0.512635,joy,Joy,0.856512,tentative,Tentative,,,,,,,,,
,,,,,,,,,,,,,,
0.558741,fear,Fear,0.843072,tentative,Tentative,,,,,,,,,
0.58021,sadness,Sadness,0.586281,tentative,Tentative,,,,,,,,,
,,,,,,,,,,,,,,
,,,,,,,,,,,,,,
0.587589,sadness,Sadness,,,,,,,,,,,,
0.681364,joy,Joy,0.773838,confident,Confident,,,,,,,,,
0.545305,joy,Joy,0.947488,confident,Confident,0.569618,analytical,Analytical,,,,,,
0.517828,joy,Joy,0.508607,sadness,Sadness,0.713042,confident,Confident,,,,,,
0.531815,sadness,Sadness,,,,,,,,,,,,
0.690308,sadness,Sadness,0.586552,anger,Anger,,,,,,,,,
0.606976,joy,Joy,,,,,,,,,,,,
0.661443,tentative,Tentative,,,,,,,,,,,,
0.530479,anger,Anger,0.547793,sadness,Sadness,,,,,,,,,
0.56605,tentative,Tentative,,,,,,,,,,,,
0.624181,sadness,Sadness,0.864788,tentative,Tentative,,,,,,,,,
0.694474,sadness,Sadness,,,,,,,,,,,,
,,,,,,,,,,,,,,
0.604902,sadness,Sadness,0.942754,confident,Confident,,,,,,,,,
,,,,,,,,,,,,,,
0.748185,sadness,Sadness,0.562171,tentative,Tentative,,,,,,,,,
0.855885,sadness,Sadness,0.839449,tentative,Tentative,,,,,,,,,
0.902878,tentative,Tentative,,,,,,,,,,,,
0.534031,sadness,Sadness,0.923402,tentative,Tentative,,,,,,,,,
0.619024,sadness,Sadness,0.805103,tentative,Tentative,,,,,,,,,
0.689886,sadness,Sadness,0.596122,analytical,Analytical,,,,,,,,,
0.687601,sadness,Sadness,0.716904,tentative,Tentative,,,,,,,,,
0.584287,sadness,Sadness,0.646881,tentative,Tentative,,,,,,,,,
0.859186,sadness,Sadness,0.610099,tentative,Tentative,,,,,,,,,
0.864904,joy,Joy,0.714899,confident,Confident,,,,,,,,,
0.51528,joy,Joy,0.551644,sadness,Sadness,0.679647,tentative,Tentative,0.507628,analytical,Analytical,,,
0.557396,sadness,Sadness,0.915559,tentative,Tentative,,,,,,,,,
0.632555,joy,Joy,,,,,,,,,,,,
0.605368,sadness,Sadness,,,,,,,,,,,,
,,,,,,,,,,,,,,
0.723903,sadness,Sadness,0.806842,tentative,Tentative,,,,,,,,,
0.654165,sadness,Sadness,0.826378,tentative,Tentative,,,,,,,,,
0.580124,sadness,Sadness,0.66107,tentative,Tentative,,,,,,,,,
0.70316,anger,Anger,0.890083,tentative,Tentative,,,,,,,,,
0.5048,sadness,Sadness,0.983756,tentative,Tentative,,,,,,,,,
0.623285,anger,Anger,0.848297,tentative,Tentative,,,,,,,,,
0.729998,analytical,Analytical,0.844923,tentative,Tentative,,,,,,,,,
0.721203,anger,Anger,0.55795,tentative,Tentative,,,,,,,,,
0.646527,anger,Anger,0.930577,tentative,Tentative,,,,,,,,,
0.573972,anger,Anger,0.833436,confident,Confident,,,,,,,,,
0.542777,joy,Joy,0.935971,tentative,Tentative,,,,,,,,,
0.702989,anger,Anger,0.942233,tentative,Tentative,,,,,,,,,
0.651998,anger,Anger,0.848841,confident,Confident,,,,,,,,,
0.515855,sadness,Sadness,0.930043,tentative,Tentative,,,,,,,,,
0.558615,fear,Fear,0.641297,anger,Anger,0.520203,tentative,Tentative,,,,,,
0.636272,anger,Anger,0.51835,tentative,Tentative,,,,,,,,,
0.645477,anger,Anger,0.591158,tentative,Tentative,,,,,,,,,
0.502071,anger,Anger,,,,,,,,,,,,
0.582958,anger,Anger,0.901164,confident,Confident,,,,,,,,,
0.629557,anger,Anger,0.749706,confident,Confident,0.820755,analytical,Analytical,,,,,,
0.567296,joy,Joy,0.942711,tentative,Tentative,,,,,,,,,
0.625151,sadness,Sadness,0.66245,tentative,Tentative,,,,,,,,,
0.569673,joy,Joy,0.945087,tentative,Tentative,0.548335,analytical,Analytical,,,,,,
0.657967,anger,Anger,0.777243,tentative,Tentative,,,,,,,,,
0.814061,anger,Anger,0.966869,tentative,Tentative,,,,,,,,,
0.831545,anger,Anger,0.921091,tentative,Tentative,,,,,,,,,
0.678901,anger,Anger,,,,,,,,,,,,
0.705594,anger,Anger,,,,,,,,,,,,
0.892054,tentative,Tentative,,,,,,,,,,,,
0.66398,fear,Fear,0.631234,sadness,Sadness,0.882448,tentative,Tentative,,,,,,
0.751249,joy,Joy,,,,,,,,,,,,
0.508363,sadness,Sadness,0.635753,tentative,Tentative,0.743111,analytical,Analytical,,,,,,
0.669383,fear,Fear,0.636216,anger,Anger,0.670436,tentative,Tentative,,,,,,
0.699693,sadness,Sadness,0.699131,tentative,Tentative,0.532779,analytical,Analytical,,,,,,
0.791921,anger,Anger,0.715165,tentative,Tentative,,,,,,,,,
0.533402,confident,Confident,,,,,,,,,,,,
0.596167,anger,Anger,0.713698,confident,Confident,,,,,,,,,
0.564299,joy,Joy,0.550432,sadness,Sadness,0.889319,tentative,Tentative,,,,,,
0.560936,sadness,Sadness,0.551995,anger,Anger,0.682726,tentative,Tentative,,,,,,
0.685515,tentative,Tentative,,,,,,,,,,,,
0.628328,sadness,Sadness,,,,,,,,,,,,
0.590759,sadness,Sadness,0.822511,tentative,Tentative,,,,,,,,,
0.548807,anger,Anger,0.725918,tentative,Tentative,,,,,,,,,
0.679309,joy,Joy,0.714073,confident,Confident,0.639296,analytical,Analytical,,,,,,
0.684593,sadness,Sadness,0.883068,confident,Confident,,,,,,,,,
0.724883,sadness,Sadness,0.528596,analytical,Analytical,,,,,,,,,
0.559984,sadness,Sadness,0.795705,tentative,Tentative,,,,,,,,,
0.968123,tentative,Tentative,,,,,,,,,,,,
0.719639,sadness,Sadness,,,,,,,,,,,,
0.587636,anger,Anger,0.509255,sadness,Sadness,0.925029,tentative,Tentative,,,,,,
0.686731,sadness,Sadness,0.724637,tentative,Tentative,,,,,,,,,
0.70909,tentative,Tentative,,,,,,,,,,,,
0.677883,anger,Anger,0.882323,confident,Confident,0.764726,analytical,Analytical,,,,,,
0.784078,sadness,Sadness,0.731046,fear,Fear,0.811516,tentative,Tentative,0.788923,analytical,Analytical,,,
0.687329,confident,Confident,0.591815,analytical,Analytical,,,,,,,,,
0.697875,joy,Joy,,,,,,,,,,,,
0.552435,joy,Joy,0.817737,tentative,Tentative,,,,,,,,,
0.726728,joy,Joy,0.909279,confident,Confident,,,,,,,,,
0.598505,fear,Fear,,,,,,,,,,,,
0.531412,sadness,Sadness,0.637242,analytical,Analytical,,,,,,,,,
0.855023,anger,Anger,0.707243,tentative,Tentative,,,,,,,,,
0.657225,sadness,Sadness,0.843664,tentative,Tentative,0.649953,analytical,Analytical,,,,,,
0.542609,fear,Fear,0.553979,sadness,Sadness,0.834026,tentative,Tentative,,,,,,
0.601777,sadness,Sadness,0.915017,tentative,Tentative,,,,,,,,,
0.578993,sadness,Sadness,,,,,,,,,,,,
0.733294,sadness,Sadness,0.838045,tentative,Tentative,,,,,,,,,
0.672862,sadness,Sadness,0.571918,tentative,Tentative,,,,,,,,,
0.729111,sadness,Sadness,0.852452,tentative,Tentative,,,,,,,,,
0.685008,sadness,Sadness,,,,,,,,,,,,
0.61512,sadness,Sadness,0.55871,analytical,Analytical,,,,,,,,,
0.779316,confident,Confident,,,,,,,,,,,,
0.651263,sadness,Sadness,0.66655,tentative,Tentative,,,,,,,,,
0.859941,tentative,Tentative,,,,,,,,,,,,
,,,,,,,,,,,,,,
0.592207,sadness,Sadness,,,,,,,,,,,,
0.663717,anger,Anger,,,,,,,,,,,,
0.572934,anger,Anger,0.61418,sadness,Sadness,0.918636,confident,Confident,,,,,,
0.744177,sadness,Sadness,0.753997,tentative,Tentative,,,,,,,,,
0.568166,anger,Anger,0.519859,sadness,Sadness,0.750869,tentative,Tentative,,,,,,
0.708921,tentative,Tentative,0.667683,analytical,Analytical,,,,,,,,,
0.805766,sadness,Sadness,0.736209,tentative,Tentative,,,,,,,,,
0.692418,sadness,Sadness,0.875814,tentative,Tentative,,,,,,,,,
0.69893,anger,Anger,0.622842,tentative,Tentative,,,,,,,,,
0.574758,tentative,Tentative,,,,,,,,,,,,
0.556001,sadness,Sadness,,,,,,,,,,,,
0.629851,confident,Confident,,,,,,,,,,,,
0.502793,fear,Fear,0.554263,joy,Joy,0.702629,sadness,Sadness,0.529125,tentative,Tentative,,,
0.678384,sadness,Sadness,,,,,,,,,,,,
0.547702,fear,Fear,0.890948,tentative,Tentative,,,,,,,,,
0.508202,joy,Joy,,,,,,,,,,,,
0.508555,anger,Anger,0.592651,tentative,Tentative,,,,,,,,,
0.750993,sadness,Sadness,0.703461,confident,Confident,,,,,,,,,
,,,,,,,,,,,,,,
0.56775,sadness,Sadness,,,,,,,,,,,,
0.615323,anger,Anger,0.698156,tentative,Tentative,,,,,,,,,
0.716023,sadness,Sadness,,,,,,,,,,,,
,,,,,,,,,,,,,,
0.958343,confident,Confident,,,,,,,,,,,,
0.539408,sadness,Sadness,0.956731,tentative,Tentative,,,,,,,,,
0.570974,tentative,Tentative,,,,,,,,,,,,
0.585876,joy,Joy,,,,,,,,,,,,
0.828525,confident,Confident,,,,,,,,,,,,
0.505927,anger,Anger,0.555316,analytical,Analytical,0.521521,tentative,Tentative,,,,,,
0.615632,sadness,Sadness,0.618784,tentative,Tentative,,,,,,,,,
0.589402,anger,Anger,0.517875,sadness,Sadness,,,,,,,,,
,,,,,,,,,,,,,,
,,,,,,,,,,,,,,
0.705932,sadness,Sadness,0.750309,analytical,Analytical,0.945101,tentative,Tentative,,,,,,
0.62599,sadness,Sadness,0.899676,tentative,Tentative,,,,,,,,,
0.67514,joy,Joy,0.990062,tentative,Tentative,,,,,,,,,
0.686252,sadness,Sadness,0.932809,tentative,Tentative,0.51064,analytical,Analytical,,,,,,
0.521753,anger,Anger,0.859979,tentative,Tentative,,,,,,,,,
0.597158,sadness,Sadness,,,,,,,,,,,,
0.705895,sadness,Sadness,0.894559,tentative,Tentative,0.632483,analytical,Analytical,,,,,,
0.839007,sadness,Sadness,0.61488,tentative,Tentative,,,,,,,,,
0.683071,joy,Joy,0.526298,confident,Confident,,,,,,,,,
0.668557,sadness,Sadness,0.723523,confident,Confident,0.629711,analytical,Analytical,,,,,,
0.585961,joy,Joy,,,,,,,,,,,,
,,,,,,,,,,,,,,
0.617663,joy,Joy,0.682933,confident,Confident,,,,,,,,,
0.54842,sadness,Sadness,,,,,,,,,,,,
0.606538,joy,Joy,0.964415,confident,Confident,,,,,,,,,
0.576217,anger,Anger,0.779356,tentative,Tentative,,,,,,,,,
0.793706,sadness,Sadness,,,,,,,,,,,,
,,,,,,,,,,,,,,
0.683465,joy,Joy,0.713248,confident,Confident,,,,,,,,,
0.808495,sadness,Sadness,0.51835,tentative,Tentative,0.575634,analytical,Analytical,,,,,,
0.597663,joy,Joy,0.644521,confident,Confident,,,,,,,,,
0.590867,anger,Anger,0.67013,confident,Confident,,,,,,,,,
0.782739,sadness,Sadness,0.703865,confident,Confident,,,,,,,,,
0.619376,anger,Anger,0.544371,tentative,Tentative,,,,,,,,,
0.573408,anger,Anger,0.512968,analytical,Analytical,,,,,,,,,
0.69915,sadness,Sadness,0.785793,tentative,Tentative,,,,,,,,,
0.817135,anger,Anger,0.929633,tentative,Tentative,,,,,,,,,
0.807461,sadness,Sadness,,,,,,,,,,,,
0.922779,tentative,Tentative,,,,,,,,,,,,
0.600615,confident,Confident,,,,,,,,,,,,
0.50218,anger,Anger,0.69597,joy,Joy,0.949202,tentative,Tentative,,,,,,
0.595745,sadness,Sadness,,,,,,,,,,,,
0.834999,sadness,Sadness,0.651512,confident,Confident,0.777188,analytical,Analytical,,,,,,
0.505216,fear,Fear,0.552112,sadness,Sadness,0.599746,tentative,Tentative,,,,,,
0.551101,sadness,Sadness,0.51968,fear,Fear,,,,,,,,,
0.820075,joy,Joy,0.700699,analytical,Analytical,0.720646,tentative,Tentative,,,,,,
0.70409,sadness,Sadness,,,,,,,,,,,,
0.605282,sadness,Sadness,0.66655,tentative,Tentative,0.500095,analytical,Analytical,,,,,,
0.703319,anger,Anger,0.920133,tentative,Tentative,,,,,,,,,
0.602605,tentative,Tentative,,,,,,,,,,,,
0.695691,sadness,Sadness,0.567218,tentative,Tentative,,,,,,,,,
0.551679,joy,Joy,0.551749,anger,Anger,0.649345,sadness,Sadness,0.89498,tentative,Tentative,,,
0.669029,anger,Anger,,,,,,,,,,,,
0.543266,anger,Anger,0.943041,tentative,Tentative,,,,,,,,,
0.621874,anger,Anger,0.913157,tentative,Tentative,,,,,,,,,
0.765873,anger,Anger,,,,,,,,,,,,
0.871098,anger,Anger,0.683968,confident,Confident,,,,,,,,,
0.678531,anger,Anger,,,,,,,,,,,,
0.545011,anger,Anger,,,,,,,,,,,,
0.507814,anger,Anger,,,,,,,,,,,,
0.639118,anger,Anger,,,,,,,,,,,,
0.667822,anger,Anger,0.944845,tentative,Tentative,,,,,,,,,
0.50341,sadness,Sadness,0.50589,tentative,Tentative,,,,,,,,,
0.636864,anger,Anger,0.925402,tentative,Tentative,,,,,,,,,
0.737729,joy,Joy,0.848678,tentative,Tentative,0.511816,analytical,Analytical,,,,,,
0.615996,anger,Anger,0.760641,tentative,Tentative,,,,,,,,,
0.687756,sadness,Sadness,0.691666,tentative,Tentative,,,,,,,,,
0.565961,anger,Anger,,,,,,,,,,,,
0.691064,sadness,Sadness,0.790083,confident,Confident,,,,,,,,,
0.574733,sadness,Sadness,,,,,,,,,,,,
0.705232,joy,Joy,0.778479,confident,Confident,,,,,,,,,
0.517693,anger,Anger,,,,,,,,,,,,
0.580124,joy,Joy,0.830081,confident,Confident,,,,,,,,,
0.679641,anger,Anger,,,,,,,,,,,,
0.606198,joy,Joy,0.938383,tentative,Tentative,,,,,,,,,
0.797382,sadness,Sadness,0.613006,tentative,Tentative,,,,,,,,,
0.636466,sadness,Sadness,,,,,,,,,,,,
0.887226,tentative,Tentative,,,,,,,,,,,,
0.590062,sadness,Sadness,0.645473,tentative,Tentative,,,,,,,,,
0.543041,joy,Joy,0.569769,confident,Confident,,,,,,,,,
0.561192,anger,Anger,,,,,,,,,,,,
0.54106,sadness,Sadness,0.674391,tentative,Tentative,,,,,,,,,
0.731306,sadness,Sadness,0.582893,analytical,Analytical,,,,,,,,,
0.627236,anger,Anger,0.616586,tentative,Tentative,,,,,,,,,
,,,,,,,,,,,,,,
0.505686,anger,Anger,0.504776,tentative,Tentative,,,,,,,,,
0.568195,joy,Joy,0.531931,fear,Fear,,,,,,,,,
0.713845,sadness,Sadness,0.688942,tentative,Tentative,,,,,,,,,
0.666717,sadness,Sadness,0.748375,tentative,Tentative,,,,,,,,,
0.683777,analytical,Analytical,,,,,,,,,,,,
0.662791,anger,Anger,0.663087,fear,Fear,0.60174,sadness,Sadness,0.778165,tentative,Tentative,,,
0.527236,sadness,Sadness,0.675778,analytical,Analytical,0.59773,tentative,Tentative,,,,,,
0.666804,anger,Anger,,,,,,,,,,,,
0.59133,sadness,Sadness,0.699974,tentative,Tentative,,,,,,,,,
0.737379,sadness,Sadness,0.521221,confident,Confident,,,,,,,,,
,,,,,,,,,,,,,,
0.728634,joy,Joy,0.621363,tentative,Tentative,,,,,,,,,
0.691747,sadness,Sadness,0.98934,tentative,Tentative,,,,,,,,,
0.735205,joy,Joy,0.926777,tentative,Tentative,0.528033,analytical,Analytical,,,,,,
0.546021,anger,Anger,,,,,,,,,,,,
0.570783,joy,Joy,0.90675,tentative,Tentative,,,,,,,,,
0.777764,sadness,Sadness,0.7135,tentative,Tentative,,,,,,,,,
0.516972,joy,Joy,0.643598,sadness,Sadness,,,,,,,,,
,,,,,,,,,,,,,,
0.777999,sadness,Sadness,0.551684,confident,Confident,,,,,,,,,
0.622502,sadness,Sadness,0.618966,confident,Confident,0.730843,analytical,Analytical,,,,,,
0.58561,sadness,Sadness,0.730029,tentative,Tentative,0.857706,analytical,Analytical,,,,,,
,,,,,,,,,,,,,,
0.544752,joy,Joy,0.594094,anger,Anger,0.569632,sadness,Sadness,,,,,,
0.662529,anger,Anger,0.588638,fear,Fear,0.616242,sadness,Sadness,,,,,,
0.51168,fear,Fear,0.529036,sadness,Sadness,,,,,,,,,
0.605704,sadness,Sadness,0.528101,fear,Fear,0.680121,tentative,Tentative,,,,,,
0.705466,fear,Fear,,,,,,,,,,,,
0.628903,joy,Joy,,,,,,,,,,,,
0.509771,fear,Fear,0.637988,sadness,Sadness,,,,,,,,,
0.612479,sadness,Sadness,0.912585,tentative,Tentative,,,,,,,,,
,,,,,,,,,,,,,,
0.561685,sadness,Sadness,,,,,,,,,,,,
,,,,,,,,,,,,,,
0.510525,fear,Fear,,,,,,,,,,,,
0.651063,joy,Joy,0.647356,confident,Confident,,,,,,,,,
0.940572,tentative,Tentative,,,,,,,,,,,,
0.552226,sadness,Sadness,,,,,,,,,,,,
0.592984,sadness,Sadness,0.862279,confident,Confident,,,,,,,,,
0.582177,fear,Fear,0.537795,joy,Joy,0.608841,sadness,Sadness,0.752229,tentative,Tentative,,,
0.619222,fear,Fear,0.89694,tentative,Tentative,,,,,,,,,
0.629708,sadness,Sadness,,,,,,,,,,,,
0.57624,sadness,Sadness,0.889879,tentative,Tentative,,,,,,,,,
0.895925,tentative,Tentative,0.546814,analytical,Analytical,,,,,,,,,
0.681936,joy,Joy,0.829865,confident,Confident,0.612712,analytical,Analytical,,,,,,
0.598427,anger,Anger,0.827288,tentative,Tentative,,,,,,,,,
0.59538,confident,Confident,0.559111,analytical,Analytical,,,,,,,,,
,,,,,,,,,,,,,,
0.70937,sadness,Sadness,,,,,,,,,,,,
1,sadness,Sadness,0.517918,confident,Confident,,,,,,,,,
0.702971,confident,Confident,0.646642,analytical,Analytical,,,,,,,,,
0.693975,sadness,Sadness,0.535949,analytical,Analytical,,,,,,,,,
0.670449,sadness,Sadness,0.882708,tentative,Tentative,,,,,,,,,
0.521229,anger,Anger,,,,,,,,,,,,
0.675094,sadness,Sadness,0.960182,tentative,Tentative,,,,,,,,,
0.57407,sadness,Sadness,0.726613,confident,Confident,0.727139,analytical,Analytical,,,,,,
0.531612,sadness,Sadness,,,,,,,,,,,,
0.600179,anger,Anger,0.922811,confident,Confident,,,,,,,,,
0.526895,joy,Joy,,,,,,,,,,,,
0.686274,sadness,Sadness,,,,,,,,,,,,
0.535985,sadness,Sadness,,,,,,,,,,,,
0.949843,tentative,Tentative,0.828881,analytical,Analytical,,,,,,,,,
0.642605,sadness,Sadness,0.622842,tentative,Tentative,,,,,,,,,
0.539659,sadness,Sadness,0.697995,analytical,Analytical,0.823965,tentative,Tentative,,,,,,
0.52016,fear,Fear,0.59896,sadness,Sadness,0.527751,analytical,Analytical,0.541037,tentative,Tentative,,,
0.600952,sadness,Sadness,0.74603,confident,Confident,,,,,,,,,
,,,,,,,,,,,,,,
0.531896,sadness,Sadness,0.686032,confident,Confident,,,,,,,,,
0.708148,confident,Confident,,,,,,,,,,,,
0.578959,joy,Joy,0.746231,tentative,Tentative,,,,,,,,,
0.50354,sadness,Sadness,,,,,,,,,,,,
0.574993,joy,Joy,,,,,,,,,,,,
0.525221,sadness,Sadness,0.725674,confident,Confident,,,,,,,,,
0.61786,fear,Fear,0.76998,tentative,Tentative,,,,,,,,,
0.597602,anger,Anger,0.758915,tentative,Tentative,0.546459,analytical,Analytical,,,,,,
0.860272,tentative,Tentative,,,,,,,,,,,,
0.854166,sadness,Sadness,,,,,,,,,,,,
0.785703,joy,Joy,0.857548,tentative,Tentative,,,,,,,,,
0.657124,sadness,Sadness,0.757543,confident,Confident,,,,,,,,,
0.632017,joy,Joy,0.899539,confident,Confident,,,,,,,,,
0.883742,sadness,Sadness,0.899496,confident,Confident,,,,,,,,,
0.513622,anger,Anger,,,,,,,,,,,,
0.642212,confident,Confident,,,,,,,,,,,,
0.845911,confident,Confident,,,,,,,,,,,,
0.560352,fear,Fear,0.605451,anger,Anger,0.63167,sadness,Sadness,0.758923,tentative,Tentative,,,
0.565154,sadness,Sadness,0.50589,tentative,Tentative,0.672754,analytical,Analytical,,,,,,
0.686032,confident,Confident,0.889055,analytical,Analytical,,,,,,,,,
0.589717,sadness,Sadness,0.547265,anger,Anger,,,,,,,,,
0.60698,sadness,Sadness,,,,,,,,,,,,
0.776028,sadness,Sadness,0.696208,analytical,Analytical,0.828704,tentative,Tentative,,,,,,
0.648895,sadness,Sadness,0.775246,tentative,Tentative,,,,,,,,,
0.547006,sadness,Sadness,,,,,,,,,,,,
0.645474,fear,Fear,0.62281,sadness,Sadness,0.606993,confident,Confident,,,,,,
0.629169,tentative,Tentative,0.706827,analytical,Analytical,,,,,,,,,
0.637502,sadness,Sadness,0.78137,tentative,Tentative,,,,,,,,,
0.533325,sadness,Sadness,,,,,,,,,,,,
0.652424,tentative,Tentative,0.738438,analytical,Analytical,,,,,,,,,
0.688288,tentative,Tentative,,,,,,,,,,,,
0.548186,anger,Anger,0.704144,tentative,Tentative,,,,,,,,,
0.873144,tentative,Tentative,,,,,,,,,,,,
0.945096,tentative,Tentative,,,,,,,,,,,,
0.60963,sadness,Sadness,0.636874,tentative,Tentative,,,,,,,,,
0.533375,joy,Joy,0.529276,sadness,Sadness,,,,,,,,,
0.536194,anger,Anger,0.783224,tentative,Tentative,,,,,,,,,
0.686602,sadness,Sadness,,,,,,,,,,,,
0.507579,sadness,Sadness,0.587179,anger,Anger,0.833261,tentative,Tentative,,,,,,
0.608149,sadness,Sadness,0.654109,tentative,Tentative,,,,,,,,,
,,,,,,,,,,,,,,
0.693351,sadness,Sadness,0.699167,confident,Confident,0.692736,analytical,Analytical,,,,,,
0.651424,anger,Anger,,,,,,,,,,,,
0.722672,tentative,Tentative,,,,,,,,,,,,
0.538386,anger,Anger,,,,,,,,,,,,
0.569193,sadness,Sadness,0.575734,fear,Fear,0.691836,tentative,Tentative,,,,,,
0.687115,sadness,Sadness,0.767087,tentative,Tentative,,,,,,,,,
0.50916,sadness,Sadness,0.984779,tentative,Tentative,,,,,,,,,
,,,,,,,,,,,,,,
0.69472,tentative,Tentative,,,,,,,,,,,,
0.659977,joy,Joy,0.672322,confident,Confident,,,,,,,,,
0.655381,tentative,Tentative,,,,,,,,,,,,
0.610804,sadness,Sadness,,,,,,,,,,,,
0.577731,fear,Fear,0.832951,tentative,Tentative,,,,,,,,,
0.700163,joy,Joy,0.564925,tentative,Tentative,,,,,,,,,
0.8162,sadness,Sadness,,,,,,,,,,,,
0.501888,joy,Joy,0.566066,sadness,Sadness,,,,,,,,,
0.667502,tentative,Tentative,,,,,,,,,,,,
0.680416,sadness,Sadness,,,,,,,,,,,,
,,,,,,,,,,,,,,
,,,,,,,,,,,,,,
0.602911,anger,Anger,,,,,,,,,,,,
0.652794,sadness,Sadness,,,,,,,,,,,,
0.589245,anger,Anger,,,,,,,,,,,,
0.73011,anger,Anger,0.522694,tentative,Tentative,,,,,,,,,
0.617083,joy,Joy,,,,,,,,,,,,
0.641921,joy,Joy,0.502832,tentative,Tentative,,,,,,,,,
0.579617,anger,Anger,,,,,,,,,,,,
0.593572,anger,Anger,0.544371,tentative,Tentative,,,,,,,,,
0.502836,joy,Joy,0.85448,confident,Confident,,,,,,,,,
0.648382,joy,Joy,0.626923,tentative,Tentative,,,,,,,,,
0.71005,anger,Anger,0.66031,joy,Joy,0.71674,sadness,Sadness,,,,,,
0.888699,sadness,Sadness,0.648548,analytical,Analytical,,,,,,,,,
0.55795,tentative,Tentative,,,,,,,,,,,,
0.692007,sadness,Sadness,0.63063,confident,Confident,,,,,,,,,
0.62344,sadness,Sadness,0.660039,tentative,Tentative,,,,,,,,,
0.717531,anger,Anger,,,,,,,,,,,,
0.873601,tentative,Tentative,,,,,,,,,,,,
0.831016,joy,Joy,,,,,,,,,,,,
0.50464,joy,Joy,0.708152,tentative,Tentative,,,,,,,,,
0.852597,tentative,Tentative,,,,,,,,,,,,
0.655928,tentative,Tentative,,,,,,,,,,,,
0.619938,tentative,Tentative,,,,,,,,,,,,
0.679268,sadness,Sadness,,,,,,,,,,,,
0.508847,anger,Anger,0.605085,sadness,Sadness,0.746791,tentative,Tentative,,,,,,
0.682278,tentative,Tentative,,,,,,,,,,,,
0.624746,sadness,Sadness,,,,,,,,,,,,
0.686763,confident,Confident,,,,,,,,,,,,
0.51594,anger,Anger,0.52701,sadness,Sadness,,,,,,,,,
0.917765,tentative,Tentative,,,,,,,,,,,,
0.68172,sadness,Sadness,,,,,,,,,,,,
0.898942,sadness,Sadness,0.657376,tentative,Tentative,,,,,,,,,
0.524449,joy,Joy,0.911356,tentative,Tentative,0.710415,analytical,Analytical,,,,,,
0.743385,tentative,Tentative,,,,,,,,,,,,
0.860008,joy,Joy,0.769538,confident,Confident,,,,,,,,,
0.572333,sadness,Sadness,0.931641,confident,Confident,,,,,,,,,
0.742747,sadness,Sadness,0.866687,tentative,Tentative,,,,,,,,,
,,,,,,,,,,,,,,
0.643276,fear,Fear,0.924137,tentative,Tentative,,,,,,,,,
,,,,,,,,,,,,,,
0.675314,sadness,Sadness,,,,,,,,,,,,
0.936899,tentative,Tentative,,,,,,,,,,,,
0.731457,joy,Joy,,,,,,,,,,,,
0.664277,sadness,Sadness,,,,,,,,,,,,
,,,,,,,,,,,,,,
,,,,,,,,,,,,,,
0.664566,sadness,Sadness,0.837106,analytical,Analytical,0.94148,tentative,Tentative,,,,,,
0.519329,joy,Joy,0.647356,confident,Confident,,,,,,,,,
0.514778,sadness,Sadness,0.611114,tentative,Tentative,,,,,,,,,
0.698732,sadness,Sadness,0.693823,tentative,Tentative,,,,,,,,,
0.994704,tentative,Tentative,,,,,,,,,,,,
0.83743,joy,Joy,0.884225,confident,Confident,,,,,,,,,
0.652617,fear,Fear,0.632951,sadness,Sadness,,,,,,,,,
0.7756,sadness,Sadness,0.673924,tentative,Tentative,,,,,,,,,
0.603134,sadness,Sadness,0.826094,tentative,Tentative,,,,,,,,,
0.525138,joy,Joy,0.708796,confident,Confident,,,,,,,,,
0.624909,anger,Anger,,,,,,,,,,,,
0.636667,analytical,Analytical,,,,,,,,,,,,
,,,,,,,,,,,,,,
0.72208,tentative,Tentative,,,,,,,,,,,,
0.82576,tentative,Tentative,,,,,,,,,,,,
0.59953,anger,Anger,0.735319,tentative,Tentative,,,,,,,,,
0.561415,joy,Joy,,,,,,,,,,,,
0.598772,sadness,Sadness,0.874179,tentative,Tentative,,,,,,,,,
0.951675,tentative,Tentative,,,,,,,,,,,,
0.639489,sadness,Sadness,,,,,,,,,,,,
0.669457,fear,Fear,,,,,,,,,,,,
0.504951,anger,Anger,0.538805,sadness,Sadness,,,,,,,,,
0.595447,sadness,Sadness,,,,,,,,,,,,
0.946966,confident,Confident,,,,,,,,,,,,
0.538459,tentative,Tentative,0.807484,analytical,Analytical,,,,,,,,,
0.845498,sadness,Sadness,0.892753,tentative,Tentative,,,,,,,,,
,,,,,,,,,,,,,,
0.68462,tentative,Tentative,,,,,,,,,,,,
0.51259,sadness,Sadness,0.549418,tentative,Tentative,,,,,,,,,
0.601817,anger,Anger,0.697699,fear,Fear,0.611192,sadness,Sadness,0.70397,tentative,Tentative,,,
0.769848,analytical,Analytical,0.90366,tentative,Tentative,,,,,,,,,
0.644429,fear,Fear,0.669363,sadness,Sadness,,,,,,,,,
0.802727,sadness,Sadness,0.830155,tentative,Tentative,,,,,,,,,
0.642649,joy,Joy,0.619053,sadness,Sadness,0.910711,tentative,Tentative,,,,,,
0.842017,confident,Confident,,,,,,,,,,,,
0.572896,joy,Joy,0.851521,tentative,Tentative,,,,,,,,,
0.523621,anger,Anger,0.614199,tentative,Tentative,,,,,,,,,
0.758352,sadness,Sadness,0.784722,analytical,Analytical,,,,,,,,,
0.608568,sadness,Sadness,0.683807,tentative,Tentative,0.579958,analytical,Analytical,,,,,,
0.697367,fear,Fear,0.556159,joy,Joy,0.505763,confident,Confident,,,,,,
0.7135,analytical,Analytical,,,,,,,,,,,,
0.674459,sadness,Sadness,0.550144,tentative,Tentative,,,,,,,,,
0.600312,sadness,Sadness,0.94985,tentative,Tentative,,,,,,,,,
0.607526,sadness,Sadness,0.605781,analytical,Analytical,0.72168,tentative,Tentative,,,,,,
0.625984,joy,Joy,,,,,,,,,,,,
0.536184,sadness,Sadness,0.701639,tentative,Tentative,,,,,,,,,
0.550755,sadness,Sadness,0.692935,fear,Fear,0.619775,tentative,Tentative,0.68559,analytical,Analytical,,,
0.554424,anger,Anger,0.637047,tentative,Tentative,,,,,,,,,
0.671693,sadness,Sadness,0.802256,tentative,Tentative,,,,,,,,,
0.712641,sadness,Sadness,0.817003,tentative,Tentative,,,,,,,,,
0.668352,sadness,Sadness,,,,,,,,,,,,
0.684228,sadness,Sadness,0.619018,tentative,Tentative,0.74979,analytical,Analytical,,,,,,
0.784179,fear,Fear,0.507201,analytical,Analytical,,,,,,,,,
0.572355,anger,Anger,,,,,,,,,,,,
0.804123,tentative,Tentative,,,,,,,,,,,,
0.537937,sadness,Sadness,0.59538,confident,Confident,,,,,,,,,
0.551619,fear,Fear,0.50662,sadness,Sadness,0.867471,analytical,Analytical,,,,,,
0.696454,sadness,Sadness,0.816869,tentative,Tentative,,,,,,,,,
0.58403,sadness,Sadness,0.831878,confident,Confident,,,,,,,,,
0.635387,sadness,Sadness,0.657307,confident,Confident,0.66166,analytical,Analytical,,,,,,
0.578799,anger,Anger,0.767565,tentative,Tentative,,,,,,,,,
0.643914,anger,Anger,0.62033,tentative,Tentative,,,,,,,,,
,,,,,,,,,,,,,,
0.513403,sadness,Sadness,0.827162,analytical,Analytical,,,,,,,,,
0.677371,sadness,Sadness,0.613029,analytical,Analytical,0.660039,tentative,Tentative,,,,,,
0.616093,sadness,Sadness,0.976676,tentative,Tentative,0.567564,analytical,Analytical,,,,,,
0.976806,tentative,Tentative,,,,,,,,,,,,
0.546472,joy,Joy,0.536408,tentative,Tentative,,,,,,,,,
0.715423,joy,Joy,0.756502,tentative,Tentative,0.690897,analytical,Analytical,,,,,,
0.61849,sadness,Sadness,0.851154,tentative,Tentative,,,,,,,,,
0.768103,tentative,Tentative,,,,,,,,,,,,
0.702184,sadness,Sadness,0.568336,tentative,Tentative,,,,,,,,,
0.604166,sadness,Sadness,0.687589,confident,Confident,,,,,,,,,
0.501756,sadness,Sadness,0.890724,tentative,Tentative,,,,,,,,,
0.557498,sadness,Sadness,0.514157,tentative,Tentative,,,,,,,,,
0.544956,sadness,Sadness,0.647781,tentative,Tentative,,,,,,,,,
0.538501,anger,Anger,0.62238,sadness,Sadness,0.811455,tentative,Tentative,,,,,,
,,,,,,,,,,,,,,
0.587081,sadness,Sadness,0.789226,tentative,Tentative,,,,,,,,,
0.740486,sadness,Sadness,0.623583,tentative,Tentative,,,,,,,,,
0.693572,sadness,Sadness,0.686656,tentative,Tentative,,,,,,,,,
0.648399,anger,Anger,,,,,,,,,,,,
0.629009,anger,Anger,0.552472,tentative,Tentative,,,,,,,,,
0.530389,joy,Joy,0.933126,tentative,Tentative,,,,,,,,,
0.590546,sadness,Sadness,,,,,,,,,,,,
0.679367,joy,Joy,0.560466,sadness,Sadness,,,,,,,,,
0.918274,confident,Confident,,,,,,,,,,,,
0.513706,sadness,Sadness,,,,,,,,,,,,
0.509722,sadness,Sadness,0.526922,fear,Fear,0.661371,confident,Confident,,,,,,
0.781309,joy,Joy,,,,,,,,,,,,
0.873663,anger,Anger,0.713188,tentative,Tentative,,,,,,,,,
0.55483,fear,Fear,0.544371,tentative,Tentative,,,,,,,,,
0.705344,tentative,Tentative,,,,,,,,,,,,
0.676043,sadness,Sadness,0.867963,tentative,Tentative,,,,,,,,,
0.535356,sadness,Sadness,0.709824,tentative,Tentative,,,,,,,,,
,,,,,,,,,,,,,,
0.802799,sadness,Sadness,0.670747,confident,Confident,,,,,,,,,
0.653687,sadness,Sadness,0.690444,analytical,Analytical,,,,,,,,,
0.898146,tentative,Tentative,,,,,,,,,,,,
,,,,,,,,,,,,,,
0.658039,sadness,Sadness,,,,,,,,,,,,
0.715783,sadness,Sadness,,,,,,,,,,,,
0.513962,joy,Joy,0.683092,analytical,Analytical,,,,,,,,,
0.609002,sadness,Sadness,0.860882,tentative,Tentative,,,,,,,,,
0.655228,joy,Joy,0.961345,tentative,Tentative,0.725582,analytical,Analytical,,,,,,
0.720351,sadness,Sadness,0.732861,confident,Confident,,,,,,,,,
0.500552,anger,Anger,0.520885,tentative,Tentative,,,,,,,,,
0.59891,fear,Fear,0.594802,sadness,Sadness,0.602825,confident,Confident,,,,,,
0.539826,joy,Joy,0.844382,tentative,Tentative,,,,,,,,,
0.673578,anger,Anger,0.717941,tentative,Tentative,,,,,,,,,
0.585666,sadness,Sadness,0.876563,confident,Confident,0.598615,analytical,Analytical,,,,,,
0.642954,fear,Fear,0.875695,tentative,Tentative,,,,,,,,,
0.778629,tentative,Tentative,,,,,,,,,,,,
,,,,,,,,,,,,,,
0.573002,sadness,Sadness,0.751891,tentative,Tentative,,,,,,,,,
0.544623,sadness,Sadness,,,,,,,,,,,,
0.674204,tentative,Tentative,,,,,,,,,,,,
0.574392,fear,Fear,0.585284,sadness,Sadness,0.525633,tentative,Tentative,0.539341,analytical,Analytical,,,
0.728752,fear,Fear,0.911007,tentative,Tentative,,,,,,,,,
0.728264,fear,Fear,0.509309,joy,Joy,0.564226,sadness,Sadness,0.662246,confident,Confident,,,
0.922197,confident,Confident,,,,,,,,,,,,
0.636034,joy,Joy,,,,,,,,,,,,
0.563708,sadness,Sadness,0.939477,tentative,Tentative,,,,,,,,,
0.581535,sadness,Sadness,,,,,,,,,,,,
0.756836,sadness,Sadness,,,,,,,,,,,,
0.540254,sadness,Sadness,0.651949,fear,Fear,0.723996,analytical,Analytical,,,,,,
0.579164,analytical,Analytical,0.834333,tentative,Tentative,,,,,,,,,
0.601923,sadness,Sadness,0.83782,tentative,Tentative,,,,,,,,,
0.553479,fear,Fear,0.577882,sadness,Sadness,,,,,,,,,
0.508377,anger,Anger,0.641338,fear,Fear,0.608452,sadness,Sadness,0.565883,tentative,Tentative,,,
0.577817,joy,Joy,0.905375,tentative,Tentative,,,,,,,,,
0.805632,sadness,Sadness,0.862235,tentative,Tentative,0.754691,analytical,Analytical,,,,,,
0.576566,tentative,Tentative,,,,,,,,,,,,
0.625083,anger,Anger,0.601429,tentative,Tentative,,,,,,,,,
0.616394,sadness,Sadness,0.622687,tentative,Tentative,,,,,,,,,
0.695483,sadness,Sadness,0.93653,tentative,Tentative,,,,,,,,,
0.522335,joy,Joy,0.603632,tentative,Tentative,,,,,,,,,
0.957918,tentative,Tentative,,,,,,,,,,,,
0.674175,anger,Anger,0.691639,sadness,Sadness,0.817946,tentative,Tentative,,,,,,
0.742789,tentative,Tentative,,,,,,,,,,,,
0.606869,anger,Anger,,,,,,,,,,,,
0.595072,anger,Anger,,,,,,,,,,,,
,,,,,,,,,,,,,,
0.584945,sadness,Sadness,0.551312,analytical,Analytical,0.841832,tentative,Tentative,,,,,,
0.598635,anger,Anger,,,,,,,,,,,,
0.882511,tentative,Tentative,,,,,,,,,,,,
0.69954,sadness,Sadness,,,,,,,,,,,,
0.743806,sadness,Sadness,0.768772,analytical,Analytical,,,,,,,,,
,,,,,,,,,,,,,,
0.956127,tentative,Tentative,,,,,,,,,,,,
0.725686,anger,Anger,,,,,,,,,,,,
0.677061,sadness,Sadness,0.847951,tentative,Tentative,0.82745,analytical,Analytical,,,,,,
0.715206,sadness,Sadness,0.755863,tentative,Tentative,,,,,,,,,
0.527458,joy,Joy,0.892415,tentative,Tentative,,,,,,,,,
0.511355,sadness,Sadness,0.640436,fear,Fear,0.845291,tentative,Tentative,0.627418,analytical,Analytical,,,
0.540451,sadness,Sadness,0.872244,tentative,Tentative,,,,,,,,,
0.596075,sadness,Sadness,0.533783,tentative,Tentative,,,,,,,,,
0.635312,tentative,Tentative,,,,,,,,,,,,
0.819328,tentative,Tentative,0.71612,analytical,Analytical,,,,,,,,,
0.785675,tentative,Tentative,,,,,,,,,,,,
0.943791,tentative,Tentative,,,,,,,,,,,,
0.603279,joy,Joy,,,,,,,,,,,,
,,,,,,,,,,,,,,
0.701237,sadness,Sadness,,,,,,,,,,,,
0.617676,sadness,Sadness,0.71623,tentative,Tentative,,,,,,,,,
0.681788,sadness,Sadness,0.514157,tentative,Tentative,0.585033,analytical,Analytical,,,,,,
,,,,,,,,,,,,,,
,,,,,,,,,,,,,,
,,,,,,,,,,,,,,
0.554171,sadness,Sadness,,,,,,,,,,,,
0.757553,fear,Fear,,,,,,,,,,,,
0.664779,confident,Confident,,,,,,,,,,,,
0.677816,analytical,Analytical,,,,,,,,,,,,
0.63155,joy,Joy,0.734453,confident,Confident,,,,,,,,,
0.808202,tentative,Tentative,,,,,,,,,,,,
0.755343,confident,Confident,,,,,,,,,,,,
0.939723,confident,Confident,,,,,,,,,,,,
0.566821,anger,Anger,0.934179,tentative,Tentative,,,,,,,,,
0.932988,tentative,Tentative,0.847819,analytical,Analytical,,,,,,,,,
0.577971,sadness,Sadness,0.865859,tentative,Tentative,,,,,,,,,
0.734042,sadness,Sadness,0.711295,tentative,Tentative,,,,,,,,,
0.516497,sadness,Sadness,0.866569,tentative,Tentative,,,,,,,,,
0.561682,anger,Anger,0.543151,confident,Confident,,,,,,,,,
0.511209,joy,Joy,0.891835,tentative,Tentative,,,,,,,,,
0.537668,fear,Fear,0.506068,sadness,Sadness,0.556435,tentative,Tentative,,,,,,
0.542071,sadness,Sadness,,,,,,,,,,,,
,,,,,,,,,,,,,,
0.644606,joy,Joy,0.5745,tentative,Tentative,,,,,,,,,
0.55112,sadness,Sadness,0.730299,tentative,Tentative,,,,,,,,,
0.592807,joy,Joy,,,,,,,,,,,,
0.643758,sadness,Sadness,0.569093,tentative,Tentative,,,,,,,,,
0.606312,sadness,Sadness,0.845626,confident,Confident,,,,,,,,,
,,,,,,,,,,,,,,
0.827288,tentative,Tentative,,,,,,,,,,,,
0.514675,sadness,Sadness,0.637561,tentative,Tentative,,,,,,,,,
0.703304,sadness,Sadness,,,,,,,,,,,,
0.689939,sadness,Sadness,0.8657,confident,Confident,,,,,,,,,
0.550021,sadness,Sadness,0.773824,tentative,Tentative,,,,,,,,,
,,,,,,,,,,,,,,
0.59928,sadness,Sadness,0.569769,confident,Confident,,,,,,,,,
0.675343,sadness,Sadness,0.552813,tentative,Tentative,,,,,,,,,
0.508393,fear,Fear,,,,,,,,,,,,
0.554949,fear,Fear,,,,,,,,,,,,
,,,,,,,,,,,,,,
0.532536,joy,Joy,,,,,,,,,,,,
0.508225,sadness,Sadness,0.693144,tentative,Tentative,,,,,,,,,
0.53872,joy,Joy,,,,,,,,,,,,
0.908662,tentative,Tentative,,,,,,,,,,,,
0.65485,fear,Fear,0.660567,sadness,Sadness,0.686032,confident,Confident,,,,,,
0.762727,sadness,Sadness,0.65359,tentative,Tentative,0.527777,analytical,Analytical,,,,,,
0.633773,sadness,Sadness,0.517826,confident,Confident,,,,,,,,,
0.599607,sadness,Sadness,0.739999,confident,Confident,,,,,,,,,
0.670189,sadness,Sadness,0.510291,confident,Confident,,,,,,,,,
0.582467,anger,Anger,,,,,,,,,,,,
0.584962,joy,Joy,0.510616,confident,Confident,,,,,,,,,
0.653453,sadness,Sadness,0.939166,confident,Confident,,,,,,,,,
,,,,,,,,,,,,,,
0.575079,joy,Joy,0.956566,tentative,Tentative,,,,,,,,,
0.740699,sadness,Sadness,0.51822,analytical,Analytical,,,,,,,,,
0.669864,joy,Joy,,,,,,,,,,,,
0.51069,sadness,Sadness,,,,,,,,,,,,
0.735572,sadness,Sadness,0.815226,tentative,Tentative,,,,,,,,,
0.664133,sadness,Sadness,0.672947,fear,Fear,0.947222,tentative,Tentative,,,,,,
0.522448,joy,Joy,0.6376,sadness,Sadness,,,,,,,,,
0.558289,joy,Joy,,,,,,,,,,,,
0.726546,sadness,Sadness,,,,,,,,,,,,
0.55661,sadness,Sadness,0.513163,joy,Joy,,,,,,,,,
0.742254,sadness,Sadness,0.516248,tentative,Tentative,,,,,,,,,
0.595595,joy,Joy,,,,,,,,,,,,
0.506377,joy,Joy,0.678708,tentative,Tentative,,,,,,,,,
0.54972,joy,Joy,,,,,,,,,,,,
0.66091,joy,Joy,,,,,,,,,,,,
0.610874,anger,Anger,0.731895,sadness,Sadness,0.571226,confident,Confident,,,,,,
0.776835,joy,Joy,0.652212,tentative,Tentative,,,,,,,,,
0.575255,sadness,Sadness,0.899211,tentative,Tentative,,,,,,,,,
0.627927,sadness,Sadness,0.526935,fear,Fear,,,,,,,,,
0.763216,joy,Joy,0.913161,confident,Confident,,,,,,,,,
0.559411,sadness,Sadness,,,,,,,,,,,,
0.613985,joy,Joy,0.661643,confident,Confident,,,,,,,,,
0.722098,joy,Joy,0.793052,tentative,Tentative,,,,,,,,,
0.513888,sadness,Sadness,,,,,,,,,,,,
0.833101,confident,Confident,0.528361,analytical,Analytical,,,,,,,,,
,,,,,,,,,,,,,,
,,,,,,,,,,,,,,
0.571904,joy,Joy,0.632106,sadness,Sadness,0.852528,analytical,Analytical,,,,,,
0.78935,joy,Joy,0.61361,analytical,Analytical,,,,,,,,,
0.579249,sadness,Sadness,0.806662,analytical,Analytical,,,,,,,,,
0.812764,sadness,Sadness,0.589534,analytical,Analytical,,,,,,,,,
0.674067,fear,Fear,0.914637,tentative,Tentative,,,,,,,,,
0.523944,anger,Anger,,,,,,,,,,,,
0.639566,sadness,Sadness,0.851787,tentative,Tentative,,,,,,,,,
0.672703,sadness,Sadness,0.6633,confident,Confident,,,,,,,,,
0.607038,confident,Confident,,,,,,,,,,,,
0.733266,sadness,Sadness,0.589192,confident,Confident,,,,,,,,,
0.712099,anger,Anger,0.502144,fear,Fear,0.517152,sadness,Sadness,0.750359,tentative,Tentative,,,
0.918749,joy,Joy,,,,,,,,,,,,
0.620722,sadness,Sadness,0.539206,tentative,Tentative,0.84645,analytical,Analytical,,,,,,
0.758708,sadness,Sadness,0.756847,analytical,Analytical,,,,,,,,,
0.592339,sadness,Sadness,0.832718,confident,Confident,,,,,,,,,
0.71004,sadness,Sadness,0.541627,analytical,Analytical,,,,,,,,,
0.570852,anger,Anger,0.976118,tentative,Tentative,,,,,,,,,
0.665527,sadness,Sadness,,,,,,,,,,,,
0.873762,tentative,Tentative,,,,,,,,,,,,
0.674789,sadness,Sadness,0.605338,tentative,Tentative,,,,,,,,,
0.504367,fear,Fear,0.944845,tentative,Tentative,,,,,,,,,
0.525421,sadness,Sadness,0.573143,anger,Anger,,,,,,,,,
0.684066,tentative,Tentative,0.715737,analytical,Analytical,,,,,,,,,
0.625725,anger,Anger,0.629544,tentative,Tentative,,,,,,,,,
0.709988,sadness,Sadness,0.527933,tentative,Tentative,,,,,,,,,
0.500327,sadness,Sadness,,,,,,,,,,,,
0.754312,sadness,Sadness,0.822511,tentative,Tentative,0.597465,analytical,Analytical,,,,,,
0.513492,anger,Anger,0.546441,sadness,Sadness,0.87941,tentative,Tentative,,,,,,
0.625588,anger,Anger,0.666779,fear,Fear,0.664523,sadness,Sadness,0.739476,confident,Confident,,,
0.504932,sadness,Sadness,0.527547,anger,Anger,0.701639,tentative,Tentative,,,,,,
0.653464,sadness,Sadness,0.57621,analytical,Analytical,0.709405,tentative,Tentative,,,,,,
0.556639,joy,Joy,0.92343,confident,Confident,,,,,,,,,
0.675796,sadness,Sadness,0.637054,confident,Confident,,,,,,,,,
0.745333,sadness,Sadness,0.665196,tentative,Tentative,,,,,,,,,
0.57653,sadness,Sadness,0.571461,tentative,Tentative,,,,,,,,,
0.712752,sadness,Sadness,0.66655,tentative,Tentative,,,,,,,,,
0.794212,confident,Confident,,,,,,,,,,,,
0.517479,anger,Anger,0.939584,tentative,Tentative,,,,,,,,,
0.593558,sadness,Sadness,,,,,,,,,,,,
0.629574,joy,Joy,,,,,,,,,,,,
0.801233,joy,Joy,,,,,,,,,,,,
0.521083,joy,Joy,0.597085,confident,Confident,,,,,,,,,
0.561741,fear,Fear,,,,,,,,,,,,
0.579716,joy,Joy,0.680787,sadness,Sadness,,,,,,,,,
0.518537,anger,Anger,0.528828,fear,Fear,0.750691,confident,Confident,0.870448,analytical,Analytical,,,
0.91171,confident,Confident,,,,,,,,,,,,
0.725645,sadness,Sadness,0.631794,tentative,Tentative,0.577231,analytical,Analytical,,,,,,
0.677984,joy,Joy,,,,,,,,,,,,
0.808402,fear,Fear,,,,,,,,,,,,
0.906853,joy,Joy,,,,,,,,,,,,
0.81501,tentative,Tentative,,,,,,,,,,,,
0.707896,sadness,Sadness,,,,,,,,,,,,
0.522471,anger,Anger,0.51835,tentative,Tentative,,,,,,,,,
0.759575,joy,Joy,0.561405,tentative,Tentative,,,,,,,,,
0.609318,anger,Anger,0.567352,confident,Confident,,,,,,,,,
0.778212,sadness,Sadness,,,,,,,,,,,,
,,,,,,,,,,,,,,
0.651511,anger,Anger,0.590893,sadness,Sadness,,,,,,,,,
0.57375,sadness,Sadness,0.537898,analytical,Analytical,,,,,,,,,
0.572806,analytical,Analytical,0.872122,tentative,Tentative,,,,,,,,,
,,,,,,,,,,,,,,
0.654471,joy,Joy,,,,,,,,,,,,
0.738293,sadness,Sadness,,,,,,,,,,,,
0.504965,anger,Anger,0.57255,joy,Joy,,,,,,,,,
0.57491,sadness,Sadness,,,,,,,,,,,,
0.791033,sadness,Sadness,0.846094,tentative,Tentative,,,,,,,,,
0.632533,sadness,Sadness,,,,,,,,,,,,
0.889096,confident,Confident,,,,,,,,,,,,
0.598935,joy,Joy,0.575932,confident,Confident,,,,,,,,,
0.705464,sadness,Sadness,0.535203,tentative,Tentative,,,,,,,,,
0.934349,tentative,Tentative,,,,,,,,,,,,
0.58719,anger,Anger,0.790241,confident,Confident,0.636891,analytical,Analytical,,,,,,
0.690489,sadness,Sadness,,,,,,,,,,,,
0.673472,sadness,Sadness,,,,,,,,,,,,
0.516416,fear,Fear,0.589882,sadness,Sadness,,,,,,,,,
0.693711,joy,Joy,,,,,,,,,,,,
0.627662,anger,Anger,0.542182,sadness,Sadness,0.796754,analytical,Analytical,0.892054,tentative,Tentative,,,
0.629922,anger,Anger,0.573446,confident,Confident,,,,,,,,,
0.638148,anger,Anger,0.784194,tentative,Tentative,,,,,,,,,
0.602437,joy,Joy,0.864115,tentative,Tentative,,,,,,,,,
0.5232,joy,Joy,0.567218,tentative,Tentative,0.508481,analytical,Analytical,,,,,,
0.546666,sadness,Sadness,0.929621,tentative,Tentative,,,,,,,,,
,,,,,,,,,,,,,,
0.646123,joy,Joy,0.803305,confident,Confident,,,,,,,,,
0.596745,sadness,Sadness,0.699272,tentative,Tentative,,,,,,,,,
0.701809,sadness,Sadness,0.910408,tentative,Tentative,0.789668,analytical,Analytical,,,,,,
0.576571,tentative,Tentative,,,,,,,,,,,,
0.616425,fear,Fear,0.710274,confident,Confident,,,,,,,,,
0.788871,joy,Joy,,,,,,,,,,,,
0.535865,sadness,Sadness,,,,,,,,,,,,
0.743021,sadness,Sadness,0.781683,tentative,Tentative,,,,,,,,,
,,,,,,,,,,,,,,
0.559508,sadness,Sadness,0.500367,fear,Fear,0.681733,confident,Confident,,,,,,
,,,,,,,,,,,,,,
0.862922,tentative,Tentative,,,,,,,,,,,,
0.568512,anger,Anger,,,,,,,,,,,,
0.80875,sadness,Sadness,,,,,,,,,,,,
0.5574,sadness,Sadness,0.944463,tentative,Tentative,,,,,,,,,
0.783762,joy,Joy,0.941025,confident,Confident,,,,,,,,,
,,,,,,,,,,,,,,
,,,,,,,,,,,,,,
0.558619,fear,Fear,0.566231,sadness,Sadness,,,,,,,,,
0.649861,anger,Anger,,,,,,,,,,,,
0.695697,fear,Fear,0.606885,joy,Joy,0.696021,sadness,Sadness,0.679901,analytical,Analytical,,,
0.660659,sadness,Sadness,0.757135,confident,Confident,0.618799,analytical,Analytical,,,,,,
