ranking,album,artist,date,,
45,...and out come the wolves,rancid,9/9/1995,,
54,...and out come the wolves,rancid,9/23/1995,,
58,...and out come the wolves,rancid,9/30/1995,,
59,...and out come the wolves,rancid,2/3/1996,,
59,...and out come the wolves,rancid,1/27/1996,,
61,...and out come the wolves,rancid,9/16/1995,,
62,...and out come the wolves,rancid,10/7/1995,,
65,...and out come the wolves,rancid,1/20/1996,,
65,...and out come the wolves,rancid,1/13/1996,,
67,...and out come the wolves,rancid,2/10/1996,,
71,...and out come the wolves,rancid,2/17/1996,,
73,...and out come the wolves,rancid,10/14/1995,,
75,...and out come the wolves,rancid,10/21/1995,,
79,...and out come the wolves,rancid,2/24/1996,,
87,...and out come the wolves,rancid,11/4/1995,,
87,...and out come the wolves,rancid,10/28/1995,,
96,...and out come the wolves,rancid,3/9/1996,,
96,...and out come the wolves,rancid,3/2/1996,,
103,...and out come the wolves,rancid,11/11/1995,,
104,...and out come the wolves,rancid,1/6/1996,,
104,...and out come the wolves,rancid,1/6/1996,,
116,...and out come the wolves,rancid,12/30/1995,,
120,...and out come the wolves,rancid,3/16/1996,,
122,...and out come the wolves,rancid,3/23/1996,,
123,...and out come the wolves,rancid,12/23/1995,,
124,...and out come the wolves,rancid,11/18/1995,,
125,...and out come the wolves,rancid,12/9/1995,,
128,...and out come the wolves,rancid,12/16/1995,,
130,...and out come the wolves,rancid,11/25/1995,,
131,...and out come the wolves,rancid,3/30/1996,,
134,...and out come the wolves,rancid,4/6/1996,,
143,...and out come the wolves,rancid,4/13/1996,,
143,...and out come the wolves,rancid,12/2/1995,,
163,...and out come the wolves,rancid,4/27/1996,,
171,...and out come the wolves,rancid,4/20/1996,,
22,13 voices,sum 41,10/29/2016,,
1,21st century breakdown,green day,5/30/2009,,
2,21st century breakdown,green day,6/13/2009,,
2,21st century breakdown,green day,6/6/2009,,
5,21st century breakdown,green day,6/20/2009,,
8,21st century breakdown,green day,6/27/2009,,
9,21st century breakdown,green day,7/4/2009,,
14,21st century breakdown,green day,7/11/2009,,
16,21st century breakdown,green day,7/25/2009,,
16,21st century breakdown,green day,7/18/2009,,
20,21st century breakdown,green day,8/8/2009,,
21,21st century breakdown,green day,8/1/2009,,
22,21st century breakdown,green day,8/15/2009,,
28,21st century breakdown,green day,8/29/2009,,
28,21st century breakdown,green day,8/22/2009,,
36,21st century breakdown,green day,9/5/2009,,
49,21st century breakdown,green day,9/12/2009,,
54,21st century breakdown,green day,10/3/2009,,
57,21st century breakdown,green day,10/10/2009,,
57,21st century breakdown,green day,9/19/2009,,
59,21st century breakdown,green day,9/26/2009,,
69,21st century breakdown,green day,10/17/2009,,
84,21st century breakdown,green day,2/20/2010,,
90,21st century breakdown,green day,11/7/2009,,
96,21st century breakdown,green day,10/24/2009,,
97,21st century breakdown,green day,10/31/2009,,
128,21st century breakdown,green day,11/14/2009,,
136,21st century breakdown,green day,1/9/2010,,
141,21st century breakdown,green day,1/16/2010,,
141,21st century breakdown,green day,11/21/2009,,
150,21st century breakdown,green day,11/28/2009,,
155,21st century breakdown,green day,2/27/2010,,
159,21st century breakdown,green day,1/2/2010,,
160,21st century breakdown,green day,1/23/2010,,
169,21st century breakdown,green day,2/13/2010,,
184,21st century breakdown,green day,3/6/2010,,
188,21st century breakdown,green day,1/30/2010,,
191,21st century breakdown,green day,12/26/2009,,
193,21st century breakdown,green day,2/6/2010,,
80,45 or 46 songs that weren't good enough to go on our other records,nofx,6/8/2002,,
130,45 or 46 songs that weren't good enough to go on our other records,nofx,6/15/2002,,
166,45 or 46 songs that weren't good enough to go on our other records,nofx,6/22/2002,,
88,afi,afi,11/20/2004,,
5,afi (the blood album),afi,2/11/2017,,
6,after laughter,paramore,6/3/2017,,
32,after laughter,paramore,6/10/2017,,
49,after laughter,paramore,6/17/2017,,
82,after laughter,paramore,6/24/2017,,
103,after laughter,paramore,7/1/2017,,
111,after laughter,paramore,9/16/2017,,
125,after laughter,paramore,9/30/2017,,
127,after laughter,paramore,7/8/2017,,
134,after laughter,paramore,7/15/2017,,
152,after laughter,paramore,7/29/2017,,
156,after laughter,paramore,7/22/2017,,
190,after laughter,paramore,10/7/2017,,
190,after laughter,paramore,8/19/2017,,
67,after the party,the menzingers,2/25/2017,,
73,age of unreason,bad religion,5/18/2019,,
13,agony & irony,alkaline trio,7/19/2008,,
51,agony & irony,alkaline trio,7/26/2008,,
117,agony & irony,alkaline trio,8/2/2008,,
155,agony & irony,alkaline trio,8/9/2008,,
171,agony & irony,alkaline trio,8/16/2008,,
13,all killer no filler,sum 41,8/4/2001,,
16,all killer no filler,sum 41,8/11/2001,,
16,all killer no filler,sum 41,7/28/2001,,
17,all killer no filler,sum 41,9/1/2001,,
18,all killer no filler,sum 41,8/25/2001,,
19,all killer no filler,sum 41,8/18/2001,,
22,all killer no filler,sum 41,9/8/2001,,
23,all killer no filler,sum 41,5/26/2001,,
24,all killer no filler,sum 41,7/7/2001,,
27,all killer no filler,sum 41,9/22/2001,,
27,all killer no filler,sum 41,7/14/2001,,
27,all killer no filler,sum 41,6/16/2001,,
30,all killer no filler,sum 41,9/15/2001,,
30,all killer no filler,sum 41,7/21/2001,,
31,all killer no filler,sum 41,6/23/2001,,
31,all killer no filler,sum 41,6/2/2001,,
32,all killer no filler,sum 41,6/30/2001,,
35,all killer no filler,sum 41,6/9/2001,,
36,all killer no filler,sum 41,9/29/2001,,
42,all killer no filler,sum 41,10/27/2001,,
43,all killer no filler,sum 41,11/3/2001,,
43,all killer no filler,sum 41,10/13/2001,,
44,all killer no filler,sum 41,10/20/2001,,
44,all killer no filler,sum 41,10/6/2001,,
50,all killer no filler,sum 41,11/10/2001,,
60,all killer no filler,sum 41,11/17/2001,,
62,all killer no filler,sum 41,1/19/2002,,
62,all killer no filler,sum 41,1/12/2002,,
64,all killer no filler,sum 41,11/24/2001,,
72,all killer no filler,sum 41,12/29/2001,,
79,all killer no filler,sum 41,1/5/2002,,
79,all killer no filler,sum 41,12/8/2001,,
82,all killer no filler,sum 41,12/1/2001,,
83,all killer no filler,sum 41,12/22/2001,,
84,all killer no filler,sum 41,2/9/2002,,
84,all killer no filler,sum 41,12/15/2001,,
85,all killer no filler,sum 41,1/26/2002,,
90,all killer no filler,sum 41,2/2/2002,,
107,all killer no filler,sum 41,2/16/2002,,
112,all killer no filler,sum 41,3/2/2002,,
115,all killer no filler,sum 41,2/23/2002,,
118,all killer no filler,sum 41,3/9/2002,,
152,all killer no filler,sum 41,3/16/2002,,
153,all killer no filler,sum 41,3/23/2002,,
154,all killer no filler,sum 41,3/30/2002,,
156,all killer no filler,sum 41,4/13/2002,,
167,all killer no filler,sum 41,4/6/2002,,
175,all killer no filler,sum 41,4/20/2002,,
200,all killer no filler,sum 41,5/4/2002,,
1,american beauty / american psycho,fall out boy,2/7/2015,,
1,american idiot,green day,10/9/2004,,
2,americana,the offspring,2/27/1999,,
2,americana,the offspring,1/16/1999,,
3,americana,the offspring,3/6/1999,,
3,americana,the offspring,2/20/1999,,
4,americana,the offspring,2/13/1999,,
4,americana,the offspring,2/6/1999,,
4,americana,the offspring,1/30/1999,,
4,americana,the offspring,1/23/1999,,
5,americana,the offspring,4/17/1999,,
6,americana,the offspring,4/10/1999,,
6,americana,the offspring,12/5/1998,,
7,americana,the offspring,5/8/1999,,
7,americana,the offspring,4/3/1999,,
8,americana,the offspring,5/15/1999,,
8,americana,the offspring,4/24/1999,,
8,americana,the offspring,1/9/1999,,
9,americana,the offspring,5/1/1999,,
9,americana,the offspring,3/27/1999,,
9,americana,the offspring,3/20/1999,,
9,americana,the offspring,1/2/1999,,
9,americana,the offspring,1/2/1999,,
9,americana,the offspring,12/26/1998,,
10,americana,the offspring,3/13/1999,,
11,americana,the offspring,12/19/1998,,
12,americana,the offspring,5/22/1999,,
12,americana,the offspring,12/12/1998,,
15,americana,the offspring,5/29/1999,,
16,americana,the offspring,6/19/1999,,
17,americana,the offspring,6/12/1999,,
17,americana,the offspring,6/5/1999,,
20,americana,the offspring,6/26/1999,,
28,americana,the offspring,7/3/1999,,
30,americana,the offspring,7/10/1999,,
36,americana,the offspring,7/17/1999,,
40,americana,the offspring,8/7/1999,,
41,americana,the offspring,8/21/1999,,
41,americana,the offspring,8/14/1999,,
41,americana,the offspring,7/24/1999,,
46,americana,the offspring,7/31/1999,,
47,americana,the offspring,8/28/1999,,
52,americana,the offspring,9/4/1999,,
58,americana,the offspring,9/11/1999,,
61,americana,the offspring,9/18/1999,,
63,americana,the offspring,9/25/1999,,
74,americana,the offspring,10/2/1999,,
82,americana,the offspring,10/9/1999,,
87,americana,the offspring,10/23/1999,,
88,americana,the offspring,10/16/1999,,
90,americana,the offspring,10/30/1999,,
92,americana,the offspring,11/6/1999,,
114,americana,the offspring,11/20/1999,,
117,americana,the offspring,11/13/1999,,
126,americana,the offspring,1/15/2000,,
127,americana,the offspring,11/27/1999,,
135,americana,the offspring,12/4/1999,,
138,americana,the offspring,1/8/2000,,
140,americana,the offspring,1/1/2000,,
141,americana,the offspring,1/22/2000,,
142,americana,the offspring,12/25/1999,,
143,americana,the offspring,12/18/1999,,
144,americana,the offspring,12/11/1999,,
150,americana,the offspring,1/29/2000,,
155,americana,the offspring,2/5/2000,,
170,americana,the offspring,2/12/2000,,
185,americana,the offspring,2/19/2000,,
189,americana,the offspring,2/26/2000,,
192,americana,the offspring,3/4/2000,,
195,americana,the offspring,3/11/2000,,
168,anchors aweigh,the bouncing souls,9/13/2003,,
2,bad vibrations,a day to remember,9/24/2016,,
28,bad vibrations,a day to remember,10/1/2016,,
92,bad vibrations,a day to remember,10/8/2016,,
136,bad vibrations,a day to remember,10/15/2016,,
51,before everything & after,mxpx,10/4/2003,,
156,before everything & after,mxpx,10/11/2003,,
172,blaze,lagwagon,4/26/2003,,
31,bleed america,jimmy eat world,7/20/2002,,
3,blink-182,blink-182,12/6/2003,,
11,blink-182,blink-182,12/13/2003,,
12,blink-182,blink-182,1/17/2004,,
14,blink-182,blink-182,1/10/2004,,
16,blink-182,blink-182,1/3/2004,,
19,blink-182,blink-182,12/27/2003,,
19,blink-182,blink-182,12/20/2003,,
25,blink-182,blink-182,1/24/2004,,
26,blink-182,blink-182,1/31/2004,,
28,blink-182,blink-182,4/3/2004,,
30,blink-182,blink-182,3/27/2004,,
30,blink-182,blink-182,2/7/2004,,
35,blink-182,blink-182,4/24/2004,,
37,blink-182,blink-182,2/14/2004,,
38,blink-182,blink-182,3/6/2004,,
39,blink-182,blink-182,3/20/2004,,
41,blink-182,blink-182,4/10/2004,,
41,blink-182,blink-182,3/13/2004,,
42,blink-182,blink-182,5/1/2004,,
42,blink-182,blink-182,4/17/2004,,
42,blink-182,blink-182,2/21/2004,,
46,blink-182,blink-182,5/15/2004,,
49,blink-182,blink-182,7/10/2004,,
49,blink-182,blink-182,2/28/2004,,
50,blink-182,blink-182,5/29/2004,,
51,blink-182,blink-182,5/8/2004,,
54,blink-182,blink-182,7/24/2004,,
56,blink-182,blink-182,7/3/2004,,
56,blink-182,blink-182,5/22/2004,,
57,blink-182,blink-182,6/19/2004,,
58,blink-182,blink-182,6/12/2004,,
58,blink-182,blink-182,6/5/2004,,
60,blink-182,blink-182,6/26/2004,,
62,blink-182,blink-182,7/31/2004,,
63,blink-182,blink-182,7/17/2004,,
64,blink-182,blink-182,8/7/2004,,
77,blink-182,blink-182,8/14/2004,,
84,blink-182,blink-182,8/21/2004,,
90,blink-182,blink-182,8/28/2004,,
98,blink-182,blink-182,9/4/2004,,
109,blink-182,blink-182,9/11/2004,,
118,blink-182,blink-182,9/18/2004,,
122,blink-182,blink-182,9/25/2004,,
138,blink-182,blink-182,10/2/2004,,
158,blink-182,blink-182,10/9/2004,,
183,blink-182,blink-182,1/15/2005,,
189,blink-182,blink-182,10/16/2004,,
2,brand new eyes,paramore,10/17/2009,,
9,burials,afi,11/9/2013,,
65,burials,afi,11/16/2013,,
167,burials,afi,11/23/2013,,
1,california,blink-182,7/23/2016,,
3,california,blink-182,7/30/2016,,
12,california,blink-182,8/13/2016,,
13,california,blink-182,8/6/2016,,
17,california,blink-182,6/10/2017,,
25,california,blink-182,10/22/2016,,
25,california,blink-182,8/20/2016,,
40,california,blink-182,8/27/2016,,
45,california,blink-182,9/24/2016,,
45,california,blink-182,9/10/2016,,
51,california,blink-182,9/3/2016,,
52,california,blink-182,9/17/2016,,
75,california,blink-182,10/15/2016,,
94,california,blink-182,10/8/2016,,
94,california,blink-182,10/1/2016,,
133,california,blink-182,6/17/2017,,
134,california,blink-182,11/12/2016,,
138,california,blink-182,10/29/2016,,
175,california,blink-182,11/5/2016,,
183,california,blink-182,6/24/2017,,
183,california,blink-182,11/19/2016,,
192,california,blink-182,12/3/2016,,
194,california,blink-182,12/10/2016,,
199,california,blink-182,1/28/2017,,
31,cardiology,good charlotte,11/20/2010,,
125,cardiology,good charlotte,11/27/2010,,
3,catalyst,new found glory,6/5/2004,,
10,catalyst,new found glory,6/12/2004,,
13,catalyst,new found glory,6/19/2004,,
25,catalyst,new found glory,6/26/2004,,
33,catalyst,new found glory,7/10/2004,,
37,catalyst,new found glory,7/3/2004,,
49,catalyst,new found glory,7/17/2004,,
50,catalyst,new found glory,7/24/2004,,
77,catalyst,new found glory,7/31/2004,,
85,catalyst,new found glory,8/7/2004,,
86,catalyst,new found glory,8/14/2004,,
98,catalyst,new found glory,8/21/2004,,
108,catalyst,new found glory,8/28/2004,,
111,catalyst,new found glory,9/4/2004,,
136,catalyst,new found glory,9/18/2004,,
138,catalyst,new found glory,9/25/2004,,
143,catalyst,new found glory,9/11/2004,,
174,catalyst,new found glory,10/2/2004,,
191,catalyst,new found glory,10/9/2004,,
5,chase this light,jimmy eat world,11/3/2007,,
38,chase this light,jimmy eat world,11/10/2007,,
66,chase this light,jimmy eat world,11/17/2007,,
98,chase this light,jimmy eat world,11/24/2007,,
128,chase this light,jimmy eat world,12/1/2007,,
161,chase this light,jimmy eat world,1/19/2008,,
167,chase this light,jimmy eat world,1/12/2008,,
174,chase this light,jimmy eat world,12/8/2007,,
184,chase this light,jimmy eat world,1/26/2008,,
191,chase this light,jimmy eat world,12/15/2007,,
10,chuck,sum 41,10/30/2004,,
26,chuck,sum 41,11/6/2004,,
41,chuck,sum 41,11/13/2004,,
53,chuck,sum 41,11/20/2004,,
82,chuck,sum 41,11/27/2004,,
98,chuck,sum 41,1/15/2005,,
105,chuck,sum 41,12/4/2004,,
112,chuck,sum 41,12/11/2004,,
130,chuck,sum 41,12/18/2004,,
131,chuck,sum 41,12/25/2004,,
135,chuck,sum 41,1/1/2005,,
138,chuck,sum 41,2/5/2005,,
138,chuck,sum 41,1/8/2005,,
145,chuck,sum 41,1/22/2005,,
147,chuck,sum 41,2/12/2005,,
150,chuck,sum 41,2/19/2005,,
155,chuck,sum 41,1/29/2005,,
159,chuck,sum 41,3/19/2005,,
161,chuck,sum 41,4/2/2005,,
166,chuck,sum 41,4/9/2005,,
167,chuck,sum 41,3/26/2005,,
171,chuck,sum 41,3/12/2005,,
171,chuck,sum 41,3/5/2005,,
175,chuck,sum 41,2/26/2005,,
178,chuck,sum 41,4/16/2005,,
200,chuck,sum 41,5/7/2005,,
36,coaster,nofx,5/16/2009,,
100,coaster,nofx,5/23/2009,,
120,coaster,nofx,5/30/2009,,
178,coaster,nofx,6/6/2009,,
199,coaster,nofx,6/13/2009,,
192,cody,joyce manor,10/29/2016,,
110,comet,the bouncing souls,6/30/2012,,
19,coming home,new found glory,10/7/2006,,
67,coming home,new found glory,10/14/2006,,
101,coming home,new found glory,10/21/2006,,
112,coming home,new found glory,10/28/2006,,
146,coming home,new found glory,11/4/2006,,
182,coming home,new found glory,11/11/2006,,
37,common courtesy,a day to remember,1/11/2014,,
46,common courtesy,a day to remember,1/18/2014,,
47,common courtesy,a day to remember,12/21/2013,,
50,common courtesy,a day to remember,1/25/2014,,
73,common courtesy,a day to remember,2/1/2014,,
83,common courtesy,a day to remember,12/28/2013,,
97,common courtesy,a day to remember,2/8/2014,,
98,common courtesy,a day to remember,1/4/2014,,
119,common courtesy,a day to remember,3/8/2014,,
120,common courtesy,a day to remember,2/15/2014,,
128,common courtesy,a day to remember,2/22/2014,,
138,common courtesy,a day to remember,3/15/2014,,
138,common courtesy,a day to remember,3/1/2014,,
159,common courtesy,a day to remember,3/22/2014,,
164,common courtesy,a day to remember,3/29/2014,,
9,conspiracy of one,the offspring,12/2/2000,,
28,conspiracy of one,the offspring,1/13/2001,,
29,conspiracy of one,the offspring,12/9/2000,,
36,conspiracy of one,the offspring,12/30/2000,,
36,conspiracy of one,the offspring,12/16/2000,,
39,conspiracy of one,the offspring,1/20/2001,,
39,conspiracy of one,the offspring,12/23/2000,,
40,conspiracy of one,the offspring,1/6/2001,,
52,conspiracy of one,the offspring,1/27/2001,,
58,conspiracy of one,the offspring,2/3/2001,,
66,conspiracy of one,the offspring,2/10/2001,,
76,conspiracy of one,the offspring,2/17/2001,,
84,conspiracy of one,the offspring,2/24/2001,,
85,conspiracy of one,the offspring,3/3/2001,,
95,conspiracy of one,the offspring,3/10/2001,,
102,conspiracy of one,the offspring,3/17/2001,,
111,conspiracy of one,the offspring,3/24/2001,,
123,conspiracy of one,the offspring,3/31/2001,,
137,conspiracy of one,the offspring,4/7/2001,,3
145,conspiracy of one,the offspring,4/14/2001,,
162,conspiracy of one,the offspring,4/28/2001,,
162,conspiracy of one,the offspring,4/21/2001,,
181,conspiracy of one,the offspring,5/5/2001,,
193,conspiracy of one,the offspring,5/12/2001,,
97,coral fang,the distillers,11/1/2003,,
12,crash love,afi,10/17/2009,,
60,crash love,afi,10/24/2009,,
68,crash love,afi,10/31/2009,,
104,crash love,afi,11/7/2009,,
141,crash love,afi,11/14/2009,,
154,crash love,afi,11/21/2009,,
178,crash love,afi,11/28/2009,,
25,crimson,alkaline trio,6/11/2005,,
86,crimson,alkaline trio,6/18/2005,,
111,crimson,alkaline trio,6/25/2005,,
144,crimson,alkaline trio,7/2/2005,,
154,crimson,alkaline trio,7/9/2005,,
182,crimson,alkaline trio,7/16/2005,,
189,crimson,alkaline trio,7/23/2005,,
100,daybreak,saves the day,10/1/2011,,
12,days go by,the offspring,7/14/2012,,
66,days go by,the offspring,7/21/2012,,
107,days go by,the offspring,7/28/2012,,
128,days go by,the offspring,8/4/2012,,
149,days go by,the offspring,8/11/2012,,
166,days go by,the offspring,9/22/2012,,
1,decemberunderground,afi,6/24/2006,,
3,decemberunderground,afi,7/1/2006,,
9,decemberunderground,afi,7/8/2006,,
12,decemberunderground,afi,7/15/2006,,
16,decemberunderground,afi,7/22/2006,,
19,decemberunderground,afi,7/29/2006,,
21,decemberunderground,afi,8/5/2006,,
23,decemberunderground,afi,8/12/2006,,
30,decemberunderground,afi,8/19/2006,,
38,decemberunderground,afi,8/26/2006,,
42,decemberunderground,afi,9/2/2006,,
51,decemberunderground,afi,9/9/2006,,
62,decemberunderground,afi,9/23/2006,,
63,decemberunderground,afi,9/16/2006,,
74,decemberunderground,afi,1/13/2007,,
79,decemberunderground,afi,1/20/2007,,
79,decemberunderground,afi,9/30/2006,,
94,decemberunderground,afi,10/7/2006,,
103,decemberunderground,afi,10/14/2006,,
104,decemberunderground,afi,12/30/2006,,
109,decemberunderground,afi,1/27/2007,,
111,decemberunderground,afi,1/6/2007,,
114,decemberunderground,afi,12/23/2006,,
115,decemberunderground,afi,10/21/2006,,
116,decemberunderground,afi,11/4/2006,,
117,decemberunderground,afi,2/3/2007,,
120,decemberunderground,afi,11/25/2006,,
122,decemberunderground,afi,10/28/2006,,
125,decemberunderground,afi,11/11/2006,,
133,decemberunderground,afi,11/18/2006,,
139,decemberunderground,afi,2/10/2007,,
146,decemberunderground,afi,12/2/2006,,
151,decemberunderground,afi,2/17/2007,,
158,decemberunderground,afi,12/16/2006,,
161,decemberunderground,afi,12/9/2006,,
187,decemberunderground,afi,2/24/2007,,
192,decemberunderground,afi,3/10/2007,,
194,decemberunderground,afi,3/3/2007,,
6,dirty work,all time low,6/25/2011,,
32,does this look infected?,sum 41,12/14/2002,,
46,does this look infected?,sum 41,1/11/2003,,
48,does this look infected?,sum 41,1/18/2003,,
51,does this look infected?,sum 41,12/21/2002,,
56,does this look infected?,sum 41,1/25/2003,,
59,does this look infected?,sum 41,2/1/2003,,
59,does this look infected?,sum 41,1/4/2003,,
59,does this look infected?,sum 41,12/28/2002,,
64,does this look infected?,sum 41,2/8/2003,,
76,does this look infected?,sum 41,2/15/2003,,
103,does this look infected?,sum 41,2/22/2003,,
126,does this look infected?,sum 41,3/29/2003,,
127,does this look infected?,sum 41,3/1/2003,,
129,does this look infected?,sum 41,5/3/2003,,
131,does this look infected?,sum 41,4/26/2003,,
133,does this look infected?,sum 41,5/10/2003,,
133,does this look infected?,sum 41,3/8/2003,,
137,does this look infected?,sum 41,4/19/2003,,
142,does this look infected?,sum 41,3/22/2003,,
143,does this look infected?,sum 41,4/5/2003,,
144,does this look infected?,sum 41,4/12/2003,,
150,does this look infected?,sum 41,3/15/2003,,
160,does this look infected?,sum 41,5/17/2003,,
168,does this look infected?,sum 41,5/24/2003,,
172,does this look infected?,sum 41,5/31/2003,,
197,does this look infected?,sum 41,6/14/2003,,
197,does this look infected?,sum 41,6/7/2003,,
6,don't panic,all time low,10/27/2012,,
2,dookie,green day,2/4/1995,,
2,dookie,green day,1/28/1995,,
3,dookie,green day,3/11/1995,,
3,dookie,green day,3/4/1995,,
3,dookie,green day,2/11/1995,,
4,dookie,green day,2/25/1995,,
4,dookie,green day,2/18/1995,,
4,dookie,green day,1/14/1995,,
4,dookie,green day,9/24/1994,,
4,dookie,green day,9/10/1994,,
5,dookie,green day,3/18/1995,,
5,dookie,green day,1/21/1995,,
5,dookie,green day,10/29/1994,,
5,dookie,green day,10/1/1994,,
5,dookie,green day,9/17/1994,,
5,dookie,green day,9/3/1994,,
6,dookie,green day,10/8/1994,,
7,dookie,green day,1/7/1995,,
7,dookie,green day,1/7/1995,,
7,dookie,green day,12/24/1994,,
8,dookie,green day,3/25/1995,,
8,dookie,green day,12/31/1994,,
8,dookie,green day,12/17/1994,,
8,dookie,green day,10/22/1994,,
8,dookie,green day,8/27/1994,,
9,dookie,green day,4/8/1995,,
9,dookie,green day,11/5/1994,,
9,dookie,green day,10/15/1994,,
10,dookie,green day,4/1/1995,,
10,dookie,green day,12/10/1994,,
10,dookie,green day,11/12/1994,,
11,dookie,green day,4/29/1995,,
11,dookie,green day,4/22/1995,,
11,dookie,green day,4/15/1995,,
12,dookie,green day,5/13/1995,,
12,dookie,green day,5/6/1995,,
13,dookie,green day,8/20/1994,,
14,dookie,green day,5/20/1995,,
14,dookie,green day,11/19/1994,,
15,dookie,green day,11/26/1994,,
16,dookie,green day,8/13/1994,,
17,dookie,green day,5/27/1995,,
19,dookie,green day,7/30/1994,,
20,dookie,green day,12/3/1994,,
20,dookie,green day,8/6/1994,,
21,dookie,green day,6/3/1995,,
22,dookie,green day,6/17/1995,,
22,dookie,green day,6/10/1995,,
27,dookie,green day,6/24/1995,,
27,dookie,green day,7/23/1994,,
29,dookie,green day,7/1/1995,,
29,dookie,green day,5/28/1994,,
30,dookie,green day,6/11/1994,,
30,dookie,green day,5/21/1994,,
31,dookie,green day,7/8/1995,,
31,dookie,green day,6/18/1994,,
31,dookie,green day,6/4/1994,,
32,dookie,green day,5/14/1994,,
33,dookie,green day,7/16/1994,,
33,dookie,green day,6/25/1994,,
34,dookie,green day,7/9/1994,,
35,dookie,green day,7/2/1994,,
39,dookie,green day,7/29/1995,,
39,dookie,green day,7/15/1995,,
41,dookie,green day,7/22/1995,,
41,dookie,green day,5/7/1994,,
46,dookie,green day,8/5/1995,,
50,dookie,green day,8/12/1995,,
51,dookie,green day,4/30/1994,,
53,dookie,green day,9/23/1995,,
53,dookie,green day,8/19/1995,,
55,dookie,green day,9/2/1995,,
57,dookie,green day,4/23/1994,,
58,dookie,green day,8/26/1995,,
60,dookie,green day,9/30/1995,,
60,dookie,green day,9/9/1995,,
63,dookie,green day,9/16/1995,,
65,dookie,green day,10/7/1995,,
78,dookie,green day,10/14/1995,,
84,dookie,green day,10/21/1995,,
90,dookie,green day,1/13/1996,,
91,dookie,green day,4/16/1994,,
93,dookie,green day,10/28/1995,,
93,dookie,green day,4/9/1994,,
98,dookie,green day,2/6/2016,,
99,dookie,green day,4/2/1994,,
101,dookie,green day,11/4/1995,,
104,dookie,green day,1/20/1996,,
107,dookie,green day,1/6/1996,,
107,dookie,green day,1/6/1996,,
107,dookie,green day,12/30/1995,,
111,dookie,green day,12/23/1995,,
113,dookie,green day,11/11/1995,,
114,dookie,green day,12/16/1995,,
117,dookie,green day,2/3/1996,,
117,dookie,green day,12/9/1995,,
117,dookie,green day,11/25/1995,,
118,dookie,green day,1/27/1996,,
119,dookie,green day,12/2/1995,,
119,dookie,green day,11/18/1995,,
124,dookie,green day,3/26/1994,,
127,dookie,green day,2/10/1996,,
127,dookie,green day,2/19/1994,,
130,dookie,green day,2/17/1996,,
138,dookie,green day,2/24/1996,,
144,dookie,green day,2/13/2016,,
147,dookie,green day,3/19/1994,,
152,dookie,green day,3/2/1996,,
154,dookie,green day,3/9/1996,,
161,dookie,green day,4/27/1996,,
170,dookie,green day,4/20/1996,,
172,dookie,green day,3/12/1994,,
173,dookie,green day,3/23/1996,,
176,dookie,green day,3/30/1996,,
178,dookie,green day,3/16/1996,,
183,dookie,green day,4/6/1996,,
187,dookie,green day,6/22/2013,,
198,dookie,green day,3/5/1994,,
67,dude ranch,blink-182,2/14/1998,,
68,dude ranch,blink-182,1/31/1998,,
70,dude ranch,blink-182,2/7/1998,,
72,dude ranch,blink-182,2/21/1998,,
79,dude ranch,blink-182,3/7/1998,,
79,dude ranch,blink-182,2/28/1998,,
82,dude ranch,blink-182,1/17/1998,,
84,dude ranch,blink-182,1/24/1998,,
92,dude ranch,blink-182,3/14/1998,,
95,dude ranch,blink-182,3/28/1998,,
96,dude ranch,blink-182,3/21/1998,,
103,dude ranch,blink-182,4/4/1998,,
104,dude ranch,blink-182,1/10/1998,,
118,dude ranch,blink-182,4/11/1998,,
125,dude ranch,blink-182,4/18/1998,,
129,dude ranch,blink-182,12/27/1997,,
133,dude ranch,blink-182,5/2/1998,,
133,dude ranch,blink-182,1/3/1998,,
133,dude ranch,blink-182,1/3/1998,,
135,dude ranch,blink-182,4/25/1998,,
135,dude ranch,blink-182,7/5/1997,,
142,dude ranch,blink-182,12/20/1997,,
143,dude ranch,blink-182,12/13/1997,,
156,dude ranch,blink-182,7/11/1998,,
156,dude ranch,blink-182,11/15/1997,,
157,dude ranch,blink-182,11/29/1997,,
157,dude ranch,blink-182,11/22/1997,,
158,dude ranch,blink-182,5/9/1998,,
159,dude ranch,blink-182,7/4/1998,,
166,dude ranch,blink-182,12/6/1997,,
167,dude ranch,blink-182,7/25/1998,,
169,dude ranch,blink-182,7/18/1998,,
169,dude ranch,blink-182,11/1/1997,,
171,dude ranch,blink-182,6/13/1998,,
172,dude ranch,blink-182,5/16/1998,,
173,dude ranch,blink-182,6/20/1998,,
177,dude ranch,blink-182,11/8/1997,,
178,dude ranch,blink-182,6/27/1998,,
185,dude ranch,blink-182,8/1/1998,,
186,dude ranch,blink-182,6/6/1998,,
187,dude ranch,blink-182,9/6/1997,,
188,dude ranch,blink-182,7/26/1997,,
189,dude ranch,blink-182,8/15/1998,,
189,dude ranch,blink-182,10/25/1997,,
191,dude ranch,blink-182,5/23/1998,,
192,dude ranch,blink-182,5/30/1998,,
194,dude ranch,blink-182,8/8/1998,,
195,dude ranch,blink-182,8/22/1998,,
197,dude ranch,blink-182,7/12/1997,,
9,enema of the state,blink-182,6/19/1999,,
12,enema of the state,blink-182,1/15/2000,,
14,enema of the state,blink-182,11/6/1999,,
14,enema of the state,blink-182,8/7/1999,,
14,enema of the state,blink-182,6/26/1999,,
16,enema of the state,blink-182,1/29/2000,,
16,enema of the state,blink-182,1/22/2000,,
17,enema of the state,blink-182,8/14/1999,,
17,enema of the state,blink-182,7/31/1999,,
18,enema of the state,blink-182,11/13/1999,,
18,enema of the state,blink-182,8/21/1999,,
19,enema of the state,blink-182,10/30/1999,,
19,enema of the state,blink-182,8/28/1999,,
20,enema of the state,blink-182,10/23/1999,,
20,enema of the state,blink-182,7/24/1999,,
20,enema of the state,blink-182,7/10/1999,,
21,enema of the state,blink-182,2/5/2000,,
21,enema of the state,blink-182,7/3/1999,,
22,enema of the state,blink-182,10/16/1999,,
22,enema of the state,blink-182,9/4/1999,,
22,enema of the state,blink-182,7/17/1999,,
23,enema of the state,blink-182,11/20/1999,,
24,enema of the state,blink-182,11/27/1999,,
24,enema of the state,blink-182,10/9/1999,,
26,enema of the state,blink-182,2/12/2000,,
26,enema of the state,blink-182,1/1/2000,,
26,enema of the state,blink-182,12/4/1999,,
27,enema of the state,blink-182,1/8/2000,,
27,enema of the state,blink-182,12/25/1999,,
28,enema of the state,blink-182,9/11/1999,,
29,enema of the state,blink-182,9/25/1999,,
31,enema of the state,blink-182,12/18/1999,,
32,enema of the state,blink-182,12/11/1999,,
32,enema of the state,blink-182,9/18/1999,,
33,enema of the state,blink-182,4/1/2000,,
33,enema of the state,blink-182,2/26/2000,,
34,enema of the state,blink-182,2/19/2000,,
35,enema of the state,blink-182,3/25/2000,,
35,enema of the state,blink-182,3/11/2000,,
36,enema of the state,blink-182,3/4/2000,,
37,enema of the state,blink-182,4/15/2000,,
37,enema of the state,blink-182,10/2/1999,,
38,enema of the state,blink-182,5/6/2000,,
38,enema of the state,blink-182,4/8/2000,,
39,enema of the state,blink-182,4/29/2000,,
40,enema of the state,blink-182,3/18/2000,,
42,enema of the state,blink-182,5/13/2000,,
42,enema of the state,blink-182,4/22/2000,,
48,enema of the state,blink-182,5/27/2000,,
50,enema of the state,blink-182,6/3/2000,,
51,enema of the state,blink-182,5/20/2000,,
55,enema of the state,blink-182,6/24/2000,,
57,enema of the state,blink-182,6/17/2000,,
57,enema of the state,blink-182,6/10/2000,,
63,enema of the state,blink-182,7/1/2000,,
67,enema of the state,blink-182,7/8/2000,,
76,enema of the state,blink-182,7/15/2000,,
77,enema of the state,blink-182,7/22/2000,,
80,enema of the state,blink-182,8/5/2000,,
81,enema of the state,blink-182,8/12/2000,,
81,enema of the state,blink-182,7/29/2000,,
95,enema of the state,blink-182,8/26/2000,,
97,enema of the state,blink-182,8/19/2000,,
102,enema of the state,blink-182,9/2/2000,,
104,enema of the state,blink-182,9/9/2000,,
105,enema of the state,blink-182,9/23/2000,,
113,enema of the state,blink-182,9/30/2000,,
117,enema of the state,blink-182,9/16/2000,,
133,enema of the state,blink-182,10/7/2000,,
136,enema of the state,blink-182,11/4/2000,,
149,enema of the state,blink-182,1/13/2001,,
150,enema of the state,blink-182,10/28/2000,,
160,enema of the state,blink-182,10/14/2000,,
163,enema of the state,blink-182,11/11/2000,,
164,enema of the state,blink-182,10/21/2000,,
167,enema of the state,blink-182,1/20/2001,,
172,enema of the state,blink-182,11/25/2000,,
172,enema of the state,blink-182,11/18/2000,,
173,enema of the state,blink-182,1/6/2001,,
179,enema of the state,blink-182,12/9/2000,,
180,enema of the state,blink-182,2/3/2001,,
180,enema of the state,blink-182,1/27/2001,,
181,enema of the state,blink-182,12/30/2000,,
191,enema of the state,blink-182,12/23/2000,,
195,enema of the state,blink-182,12/16/2000,,
196,enema of the state,blink-182,12/2/2000,,
54,first ditch effort,nofx,10/29/2016,,
8,folie a deux,fall out boy,1/3/2009,,
199,from here to infirmary,alkaline trio,4/21/2001,,
9,from under the cork tree,fall out boy,4/1/2006,,
9,from under the cork tree,fall out boy,5/21/2005,,
11,from under the cork tree,fall out boy,1/21/2006,,
11,from under the cork tree,fall out boy,1/14/2006,,
13,from under the cork tree,fall out boy,8/27/2005,,
14,from under the cork tree,fall out boy,2/4/2006,,
14,from under the cork tree,fall out boy,1/28/2006,,
14,from under the cork tree,fall out boy,11/26/2005,,
14,from under the cork tree,fall out boy,11/19/2005,,
14,from under the cork tree,fall out boy,9/24/2005,,
14,from under the cork tree,fall out boy,9/10/2005,,
15,from under the cork tree,fall out boy,11/12/2005,,
16,from under the cork tree,fall out boy,12/24/2005,,
16,from under the cork tree,fall out boy,8/20/2005,,
17,from under the cork tree,fall out boy,9/3/2005,,
18,from under the cork tree,fall out boy,1/7/2006,,
18,from under the cork tree,fall out boy,12/31/2005,,
18,from under the cork tree,fall out boy,9/17/2005,,
19,from under the cork tree,fall out boy,8/13/2005,,
22,from under the cork tree,fall out boy,4/8/2006,,
22,from under the cork tree,fall out boy,12/17/2005,,
23,from under the cork tree,fall out boy,2/11/2006,,
23,from under the cork tree,fall out boy,12/3/2005,,
23,from under the cork tree,fall out boy,10/29/2005,,
24,from under the cork tree,fall out boy,12/10/2005,,
24,from under the cork tree,fall out boy,10/1/2005,,
24,from under the cork tree,fall out boy,7/30/2005,,
25,from under the cork tree,fall out boy,11/5/2005,,
25,from under the cork tree,fall out boy,8/6/2005,,
26,from under the cork tree,fall out boy,10/15/2005,,
26,from under the cork tree,fall out boy,10/8/2005,,
27,from under the cork tree,fall out boy,4/29/2006,,
28,from under the cork tree,fall out boy,2/25/2006,,
28,from under the cork tree,fall out boy,2/18/2006,,
29,from under the cork tree,fall out boy,7/23/2005,,
29,from under the cork tree,fall out boy,5/28/2005,,
30,from under the cork tree,fall out boy,3/4/2006,,
31,from under the cork tree,fall out boy,4/15/2006,,
31,from under the cork tree,fall out boy,10/22/2005,,
32,from under the cork tree,fall out boy,3/11/2006,,
34,from under the cork tree,fall out boy,7/16/2005,,
35,from under the cork tree,fall out boy,5/6/2006,,
36,from under the cork tree,fall out boy,7/9/2005,,
37,from under the cork tree,fall out boy,3/18/2006,,
40,from under the cork tree,fall out boy,4/22/2006,,
40,from under the cork tree,fall out boy,7/2/2005,,
42,from under the cork tree,fall out boy,3/25/2006,,
42,from under the cork tree,fall out boy,6/25/2005,,
44,from under the cork tree,fall out boy,6/18/2005,,
45,from under the cork tree,fall out boy,5/13/2006,,
49,from under the cork tree,fall out boy,6/4/2005,,
54,from under the cork tree,fall out boy,6/11/2005,,
56,from under the cork tree,fall out boy,5/20/2006,,
74,from under the cork tree,fall out boy,6/3/2006,,
76,from under the cork tree,fall out boy,6/3/2006,,
77,from under the cork tree,fall out boy,6/17/2006,,
83,from under the cork tree,fall out boy,6/10/2006,,
85,from under the cork tree,fall out boy,6/24/2006,,
94,from under the cork tree,fall out boy,7/1/2006,,
98,from under the cork tree,fall out boy,7/8/2006,,
102,from under the cork tree,fall out boy,7/22/2006,,
106,from under the cork tree,fall out boy,7/15/2006,,
116,from under the cork tree,fall out boy,7/29/2006,,
122,from under the cork tree,fall out boy,8/5/2006,,
124,from under the cork tree,fall out boy,8/12/2006,,
131,from under the cork tree,fall out boy,8/19/2006,,
133,from under the cork tree,fall out boy,8/26/2006,,
141,from under the cork tree,fall out boy,9/2/2006,,
144,from under the cork tree,fall out boy,9/23/2006,,
149,from under the cork tree,fall out boy,9/16/2006,,
154,from under the cork tree,fall out boy,9/9/2006,,
168,from under the cork tree,fall out boy,2/24/2007,,
178,from under the cork tree,fall out boy,3/17/2007,,
183,from under the cork tree,fall out boy,8/15/2015,,
188,from under the cork tree,fall out boy,3/24/2007,,
190,from under the cork tree,fall out boy,2/7/2015,,
193,from under the cork tree,fall out boy,9/30/2006,,
197,from under the cork tree,fall out boy,2/3/2007,,
199,from under the cork tree,fall out boy,2/10/2007,,
2,future hearts,all time low,4/25/2015,,
6,futures,jimmy eat world,11/6/2004,,
19,futures,jimmy eat world,11/13/2004,,
30,futures,jimmy eat world,11/20/2004,,
53,futures,jimmy eat world,11/27/2004,,
63,futures,jimmy eat world,1/15/2005,,
75,futures,jimmy eat world,12/4/2004,,
78,futures,jimmy eat world,1/22/2005,,
87,futures,jimmy eat world,12/11/2004,,
91,futures,jimmy eat world,1/29/2005,,
92,futures,jimmy eat world,12/18/2004,,
95,futures,jimmy eat world,1/8/2005,,
98,futures,jimmy eat world,1/1/2005,,
99,futures,jimmy eat world,12/25/2004,,
105,futures,jimmy eat world,2/5/2005,,
120,futures,jimmy eat world,2/12/2005,,
137,futures,jimmy eat world,2/19/2005,,
145,futures,jimmy eat world,3/26/2005,,
145,futures,jimmy eat world,3/5/2005,,
145,futures,jimmy eat world,2/26/2005,,
155,futures,jimmy eat world,4/2/2005,,
157,futures,jimmy eat world,3/19/2005,,
160,futures,jimmy eat world,3/12/2005,,
168,futures,jimmy eat world,6/11/2005,,
180,futures,jimmy eat world,4/30/2005,,
184,futures,jimmy eat world,4/16/2005,,
185,futures,jimmy eat world,4/9/2005,,
188,futures,jimmy eat world,4/23/2005,,
193,futures,jimmy eat world,5/7/2005,,
164,generation rx,good charlotte,9/29/2018,,
52,get your heart on!,simple plan,7/9/2011,,
185,good charlotte,good charlotte,10/14/2000,,
200,good charlotte,good charlotte,5/12/2001,,
7,good morning revival,good charlotte,4/14/2007,,
42,good morning revival,good charlotte,4/21/2007,,
54,good morning revival,good charlotte,4/28/2007,,
76,good morning revival,good charlotte,5/5/2007,,
99,good morning revival,good charlotte,5/12/2007,,
136,good morning revival,good charlotte,5/19/2007,,
175,good morning revival,good charlotte,6/2/2007,,
175,good morning revival,good charlotte,5/26/2007,,
179,good morning revival,good charlotte,2/2/2008,,
183,good morning revival,good charlotte,1/19/2008,,
187,good morning revival,good charlotte,1/26/2008,,
195,good morning revival,good charlotte,2/9/2008,,
197,good morning revival,good charlotte,1/12/2008,,
20,good mourning,alkaline trio,5/31/2003,,
73,good mourning,alkaline trio,6/7/2003,,
111,good mourning,alkaline trio,6/21/2003,,
117,good mourning,alkaline trio,6/14/2003,,
150,good mourning,alkaline trio,7/5/2003,,
159,good mourning,alkaline trio,6/28/2003,,
174,good mourning,alkaline trio,7/12/2003,,
176,good mourning,alkaline trio,7/19/2003,,
178,good mourning,alkaline trio,7/26/2003,,
183,good mourning,alkaline trio,8/2/2003,,
192,good mourning,alkaline trio,8/16/2003,,
197,good mourning,alkaline trio,8/9/2003,,
8,greatest hits,the offspring,7/9/2005,,
39,greatest hits: god's favorite band,green day,12/9/2017,,
100,greatest hits: god's favorite band,green day,12/16/2017,,
111,greatest hits: god's favorite band,green day,10/26/2019,,
112,greatest hits: god's favorite band,green day,11/2/2019,,
112,greatest hits: god's favorite band,green day,1/13/2018,,
113,greatest hits: god's favorite band,green day,1/3/2018,,
115,greatest hits: god's favorite band,green day,1/6/2018,,
122,greatest hits: god's favorite band,green day,12/30/2017,,
123,greatest hits: god's favorite band,green day,1/20/2018,,
125,greatest hits: god's favorite band,green day,1/27/2018,,
127,greatest hits: god's favorite band,green day,12/23/2017,,
131,greatest hits: god's favorite band,green day,6/9/2018,,
132,greatest hits: god's favorite band,green day,2/24/2018,,
135,greatest hits: god's favorite band,green day,6/23/2018,,
139,greatest hits: god's favorite band,green day,2/17/2018,,
140,greatest hits: god's favorite band,green day,6/16/2018,,
140,greatest hits: god's favorite band,green day,5/19/2018,,
200,greatest hits: god's favorite band,green day,2/10/2018,,
176,half hour of power,sum 41,8/4/2001,,
95,hang,lagwagon,11/15/2014,,
89,hello exile,the menzingers,10/19/2019,,
21,homesick,a day to remember,2/21/2009,,
85,homesick,a day to remember,2/28/2009,,
95,homesick,a day to remember,3/7/2009,,
102,homesick,a day to remember,3/14/2009,,
123,homesick,a day to remember,3/21/2009,,
134,homesick,a day to remember,4/4/2009,,
140,homesick,a day to remember,3/28/2009,,
151,homesick,a day to remember,11/14/2009,,
155,homesick,a day to remember,8/22/2009,,
157,homesick,a day to remember,4/11/2009,,
171,homesick,a day to remember,8/15/2009,,
172,homesick,a day to remember,5/16/2009,,
173,homesick,a day to remember,5/9/2009,,
174,homesick,a day to remember,5/2/2009,,
180,homesick,a day to remember,8/29/2009,,
186,homesick,a day to remember,4/18/2009,,
193,homesick,a day to remember,11/21/2009,,
193,homesick,a day to remember,9/5/2009,,
193,homesick,a day to remember,7/18/2009,,
194,homesick,a day to remember,7/25/2009,,
195,homesick,a day to remember,4/25/2009,,
27,in reverie,saves the day,10/4/2003,,
115,in reverie,saves the day,10/11/2003,,
181,in reverie,saves the day,10/18/2003,,
15,indestructible,rancid,9/6/2003,,
41,indestructible,rancid,9/13/2003,,
52,indestructible,rancid,9/20/2003,,
83,indestructible,rancid,9/27/2003,,
108,indestructible,rancid,10/4/2003,,
149,indestructible,rancid,10/11/2003,,
192,indestructible,rancid,10/18/2003,,
1,infinity on high,fall out boy,2/24/2007,,
3,infinity on high,fall out boy,3/10/2007,,
4,infinity on high,fall out boy,3/17/2007,,
5,infinity on high,fall out boy,3/3/2007,,
8,infinity on high,fall out boy,3/24/2007,,
9,infinity on high,fall out boy,3/31/2007,,
16,infinity on high,fall out boy,4/7/2007,,
26,infinity on high,fall out boy,4/21/2007,,
27,infinity on high,fall out boy,4/14/2007,,
31,infinity on high,fall out boy,6/9/2007,,
31,infinity on high,fall out boy,4/28/2007,,
32,infinity on high,fall out boy,5/5/2007,,
33,infinity on high,fall out boy,6/16/2007,,
34,infinity on high,fall out boy,5/12/2007,,
36,infinity on high,fall out boy,6/2/2007,,
41,infinity on high,fall out boy,5/19/2007,,
43,infinity on high,fall out boy,6/30/2007,,
44,infinity on high,fall out boy,7/21/2007,,
44,infinity on high,fall out boy,6/23/2007,,
45,infinity on high,fall out boy,5/26/2007,,
46,infinity on high,fall out boy,7/14/2007,,
48,infinity on high,fall out boy,7/28/2007,,
48,infinity on high,fall out boy,7/7/2007,,
51,infinity on high,fall out boy,8/4/2007,,
57,infinity on high,fall out boy,8/25/2007,,
57,infinity on high,fall out boy,8/18/2007,,
62,infinity on high,fall out boy,8/11/2007,,
63,infinity on high,fall out boy,9/29/2007,,
64,infinity on high,fall out boy,9/1/2007,,
73,infinity on high,fall out boy,9/22/2007,,
78,infinity on high,fall out boy,9/8/2007,,
83,infinity on high,fall out boy,9/15/2007,,
85,infinity on high,fall out boy,10/6/2007,,
86,infinity on high,fall out boy,12/8/2007,,
89,infinity on high,fall out boy,12/22/2007,,
97,infinity on high,fall out boy,1/12/2008,,
102,infinity on high,fall out boy,12/15/2007,,
105,infinity on high,fall out boy,12/29/2007,,
105,infinity on high,fall out boy,10/13/2007,,
108,infinity on high,fall out boy,1/5/2008,,
108,infinity on high,fall out boy,1/5/2008,,
118,infinity on high,fall out boy,11/3/2007,,
121,infinity on high,fall out boy,1/19/2008,,
121,infinity on high,fall out boy,10/20/2007,,
124,infinity on high,fall out boy,10/27/2007,,
133,infinity on high,fall out boy,1/26/2008,,
135,infinity on high,fall out boy,11/10/2007,,
139,infinity on high,fall out boy,11/24/2007,,
140,infinity on high,fall out boy,12/1/2007,,
147,infinity on high,fall out boy,11/17/2007,,
156,infinity on high,fall out boy,2/2/2008,,
172,infinity on high,fall out boy,2/9/2008,,
194,infinity on high,fall out boy,2/16/2008,,
2,insomniac,green day,10/28/1995,,
6,insomniac,green day,11/4/1995,,
10,insomniac,green day,11/11/1995,,
14,insomniac,green day,11/18/1995,,
17,insomniac,green day,11/25/1995,,
22,insomniac,green day,1/20/1996,,
22,insomniac,green day,12/30/1995,,
23,insomniac,green day,2/10/1996,,
23,insomniac,green day,2/3/1996,,
23,insomniac,green day,1/13/1996,,
23,insomniac,green day,1/6/1996,,
23,insomniac,green day,1/6/1996,,
24,insomniac,green day,1/27/1996,,
24,insomniac,green day,12/23/1995,,
25,insomniac,green day,2/17/1996,,
25,insomniac,green day,12/16/1995,,
25,insomniac,green day,12/2/1995,,
26,insomniac,green day,2/24/1996,,
27,insomniac,green day,12/9/1995,,
36,insomniac,green day,3/9/1996,,
37,insomniac,green day,3/2/1996,,
41,insomniac,green day,3/16/1996,,
49,insomniac,green day,3/23/1996,,
52,insomniac,green day,3/30/1996,,
57,insomniac,green day,4/6/1996,,
71,insomniac,green day,4/13/1996,,
75,insomniac,green day,4/20/1996,,
77,insomniac,green day,4/27/1996,,
104,insomniac,green day,5/4/1996,,
121,insomniac,green day,5/11/1996,,
137,insomniac,green day,6/15/1996,,
137,insomniac,green day,6/8/1996,,
140,insomniac,green day,5/18/1996,,
144,insomniac,green day,6/1/1996,,
148,insomniac,green day,6/22/1996,,
148,insomniac,green day,5/25/1996,,
151,insomniac,green day,6/29/1996,,
159,insomniac,green day,7/6/1996,,
175,insomniac,green day,7/13/1996,,
198,insomniac,green day,7/20/1996,,
17,integrity blues,jimmy eat world,11/12/2016,,
11,invented,jimmy eat world,10/16/2010,,
61,invented,jimmy eat world,10/23/2010,,
99,invented,jimmy eat world,10/30/2010,,
120,invented,jimmy eat world,11/6/2010,,
159,invented,jimmy eat world,11/20/2010,,
171,invented,jimmy eat world,11/13/2010,,
68,is this thing cursed?,alkaline trio,9/15/2018,,
157,is this thing cursed?,alkaline trio,11/3/2018,,
9,ixnay on the hombre,the offspring,2/22/1997,,
15,ixnay on the hombre,the offspring,3/1/1997,,
22,ixnay on the hombre,the offspring,3/8/1997,,
25,ixnay on the hombre,the offspring,4/19/1997,,
27,ixnay on the hombre,the offspring,4/5/1997,,
28,ixnay on the hombre,the offspring,4/12/1997,,
28,ixnay on the hombre,the offspring,3/29/1997,,
29,ixnay on the hombre,the offspring,5/3/1997,,
29,ixnay on the hombre,the offspring,4/26/1997,,
30,ixnay on the hombre,the offspring,3/15/1997,,
33,ixnay on the hombre,the offspring,5/10/1997,,
33,ixnay on the hombre,the offspring,3/22/1997,,
35,ixnay on the hombre,the offspring,5/17/1997,,
41,ixnay on the hombre,the offspring,5/24/1997,,
45,ixnay on the hombre,the offspring,5/31/1997,,
54,ixnay on the hombre,the offspring,6/7/1997,,
60,ixnay on the hombre,the offspring,6/14/1997,,
73,ixnay on the hombre,the offspring,6/21/1997,,
74,ixnay on the hombre,the offspring,6/28/1997,,
82,ixnay on the hombre,the offspring,7/5/1997,,
97,ixnay on the hombre,the offspring,7/12/1997,,
112,ixnay on the hombre,the offspring,7/19/1997,,
114,ixnay on the hombre,the offspring,7/26/1997,,
121,ixnay on the hombre,the offspring,8/9/1997,,
126,ixnay on the hombre,the offspring,8/2/1997,,
129,ixnay on the hombre,the offspring,8/23/1997,,
130,ixnay on the hombre,the offspring,8/16/1997,,
137,ixnay on the hombre,the offspring,8/30/1997,,
139,ixnay on the hombre,the offspring,9/6/1997,,
142,ixnay on the hombre,the offspring,9/13/1997,,
162,ixnay on the hombre,the offspring,9/20/1997,,
163,ixnay on the hombre,the offspring,9/27/1997,,
175,ixnay on the hombre,the offspring,10/4/1997,,
179,ixnay on the hombre,the offspring,10/11/1997,,
182,ixnay on the hombre,the offspring,10/25/1997,,
189,ixnay on the hombre,the offspring,11/1/1997,,
191,ixnay on the hombre,the offspring,11/8/1997,,
191,ixnay on the hombre,the offspring,10/18/1997,,
9,last young renegade,all time low,6/24/2017,,
161,let it happen,mxpx,12/5/1998,,
11,let the dominoes fall,rancid,6/20/2009,,
41,let the dominoes fall,rancid,6/27/2009,,
72,let the dominoes fall,rancid,7/4/2009,,
96,let the dominoes fall,rancid,7/11/2009,,
123,let the dominoes fall,rancid,7/18/2009,,
155,let the dominoes fall,rancid,7/25/2009,,
177,let the dominoes fall,rancid,8/1/2009,,
97,let's go,rancid,4/8/1995,,
112,let's go,rancid,4/1/1995,,
121,let's go,rancid,3/11/1995,,
122,let's go,rancid,3/18/1995,,
126,let's go,rancid,3/25/1995,,
130,let's go,rancid,4/15/1995,,
132,let's go,rancid,2/25/1995,,
134,let's go,rancid,3/4/1995,,
149,let's go,rancid,2/18/1995,,
166,let's go,rancid,4/22/1995,,
179,let's go,rancid,4/29/1995,,
35,life wont wait,rancid,7/18/1998,,
63,life wont wait,rancid,7/25/1998,,
96,life wont wait,rancid,8/1/1998,,
135,life wont wait,rancid,8/8/1998,,
179,life wont wait,rancid,8/15/1998,,
26,lift a sail,yellowcard,10/25/2014,,
5,lights and sounds,yellowcard,2/11/2006,,
26,lights and sounds,yellowcard,2/18/2006,,
41,lights and sounds,yellowcard,2/25/2006,,
47,lights and sounds,yellowcard,3/4/2006,,
51,lights and sounds,yellowcard,3/11/2006,,
75,lights and sounds,yellowcard,3/18/2006,,
90,lights and sounds,yellowcard,3/25/2006,,
104,lights and sounds,yellowcard,4/1/2006,,
110,lights and sounds,yellowcard,4/8/2006,,
137,lights and sounds,yellowcard,4/15/2006,,
153,lights and sounds,yellowcard,4/29/2006,,
159,lights and sounds,yellowcard,5/6/2006,,
166,lights and sounds,yellowcard,4/22/2006,,
171,lights and sounds,yellowcard,5/13/2006,,
188,lights and sounds,yellowcard,6/17/2006,,
193,lights and sounds,yellowcard,5/20/2006,,
40,makes me sick,new found glory,5/20/2017,,
1,mania,fall out boy,2/3/2018,,
24,my shame is true,alkaline trio,4/20/2013,,
140,my shame is true,alkaline trio,4/27/2013,,
2,neighborhoods,blink-182,10/15/2011,,
106,never hungover again,joyce manor,8/9/2014,,
107,new found glory,new found glory,4/28/2001,,
118,new found glory,new found glory,5/5/2001,,
132,new found glory,new found glory,5/12/2001,,
132,new found glory,new found glory,4/21/2001,,
145,new found glory,new found glory,5/19/2001,,
147,new found glory,new found glory,6/23/2001,,
148,new found glory,new found glory,4/14/2001,,
150,new found glory,new found glory,4/7/2001,,
151,new found glory,new found glory,6/2/2001,,
152,new found glory,new found glory,6/9/2001,,
153,new found glory,new found glory,5/26/2001,,
159,new found glory,new found glory,6/16/2001,,
168,new found glory,new found glory,10/14/2000,,
170,new found glory,new found glory,3/31/2001,,
170,new found glory,new found glory,3/24/2001,,
179,new found glory,new found glory,6/30/2001,,
187,new found glory,new found glory,9/1/2001,,
189,new found glory,new found glory,8/11/2001,,
196,new found glory,new found glory,8/25/2001,,
196,new found glory,new found glory,8/4/2001,,
197,new found glory,new found glory,7/28/2001,,
35,new maps of hell,bad religion,7/28/2007,,
73,new maps of hell,bad religion,8/4/2007,,
111,new maps of hell,bad religion,8/11/2007,,
137,new maps of hell,bad religion,8/18/2007,,
169,new maps of hell,bad religion,8/25/2007,,
10,nimrod,green day,11/1/1997,,
3,nine,blink-182,10/5/2019,,
45,nine,blink-182,10/12/2019,,
130,nine,blink-182,10/19/2019,,
12,no closer to heaven,the wonder years,9/26/2015,,
167,no closer to heaven,the wonder years,10/3/2015,,
35,"no pads, no helmets…just balls",simple plan,1/17/2004,,
4,nothing personal,all time low,7/25/2009,,
26,nothing personal,all time low,8/1/2009,,
31,nothing personal,all time low,8/8/2009,,
46,nothing personal,all time low,8/15/2009,,
51,nothing personal,all time low,8/22/2009,,
57,nothing personal,all time low,8/29/2009,,
62,nothing personal,all time low,9/5/2009,,
99,nothing personal,all time low,9/12/2009,,
110,nothing personal,all time low,9/19/2009,,
119,nothing personal,all time low,9/26/2009,,
152,nothing personal,all time low,10/3/2009,,
160,nothing personal,all time low,10/10/2009,,
182,nothing personal,all time low,10/17/2009,,
23,ocean avenue,yellowcard,5/1/2004,,
27,ocean avenue,yellowcard,9/25/2004,,
30,ocean avenue,yellowcard,10/9/2004,,
31,ocean avenue,yellowcard,9/18/2004,,
31,ocean avenue,yellowcard,6/19/2004,,
32,ocean avenue,yellowcard,8/7/2004,,
32,ocean avenue,yellowcard,7/31/2004,,
32,ocean avenue,yellowcard,5/29/2004,,
33,ocean avenue,yellowcard,10/2/2004,,
33,ocean avenue,yellowcard,8/28/2004,,
34,ocean avenue,yellowcard,7/10/2004,,
34,ocean avenue,yellowcard,5/15/2004,,
35,ocean avenue,yellowcard,9/4/2004,,
35,ocean avenue,yellowcard,8/21/2004,,
35,ocean avenue,yellowcard,6/5/2004,,
36,ocean avenue,yellowcard,7/24/2004,,
36,ocean avenue,yellowcard,5/8/2004,,
37,ocean avenue,yellowcard,5/22/2004,,
38,ocean avenue,yellowcard,9/11/2004,,
38,ocean avenue,yellowcard,8/14/2004,,
39,ocean avenue,yellowcard,6/26/2004,,
40,ocean avenue,yellowcard,7/17/2004,,
41,ocean avenue,yellowcard,6/12/2004,,
41,ocean avenue,yellowcard,4/24/2004,,
46,ocean avenue,yellowcard,7/3/2004,,
50,ocean avenue,yellowcard,4/17/2004,,
52,ocean avenue,yellowcard,10/16/2004,,
56,ocean avenue,yellowcard,4/10/2004,,
57,ocean avenue,yellowcard,1/15/2005,,
60,ocean avenue,yellowcard,4/3/2004,,
63,ocean avenue,yellowcard,11/20/2004,,
63,ocean avenue,yellowcard,10/30/2004,,
65,ocean avenue,yellowcard,10/23/2004,,
66,ocean avenue,yellowcard,11/13/2004,,
68,ocean avenue,yellowcard,11/6/2004,,
72,ocean avenue,yellowcard,1/8/2005,,
74,ocean avenue,yellowcard,1/1/2005,,
75,ocean avenue,yellowcard,12/11/2004,,
75,ocean avenue,yellowcard,11/27/2004,,
75,ocean avenue,yellowcard,3/27/2004,,
81,ocean avenue,yellowcard,12/25/2004,,
83,ocean avenue,yellowcard,12/18/2004,,
86,ocean avenue,yellowcard,1/22/2005,,
87,ocean avenue,yellowcard,3/20/2004,,
88,ocean avenue,yellowcard,12/4/2004,,
98,ocean avenue,yellowcard,1/29/2005,,
99,ocean avenue,yellowcard,8/9/2003,,
102,ocean avenue,yellowcard,2/5/2005,,
119,ocean avenue,yellowcard,10/4/2003,,
125,ocean avenue,yellowcard,3/13/2004,,
125,ocean avenue,yellowcard,11/1/2003,,
126,ocean avenue,yellowcard,2/12/2005,,
133,ocean avenue,yellowcard,10/11/2003,,
136,ocean avenue,yellowcard,1/17/2004,,
136,ocean avenue,yellowcard,9/20/2003,,
137,ocean avenue,yellowcard,3/6/2004,,
138,ocean avenue,yellowcard,9/27/2003,,
140,ocean avenue,yellowcard,11/8/2003,,
141,ocean avenue,yellowcard,8/30/2003,,
142,ocean avenue,yellowcard,11/15/2003,,
143,ocean avenue,yellowcard,10/25/2003,,
145,ocean avenue,yellowcard,1/24/2004,,
146,ocean avenue,yellowcard,10/18/2003,,
154,ocean avenue,yellowcard,9/6/2003,,
155,ocean avenue,yellowcard,11/22/2003,,
156,ocean avenue,yellowcard,8/16/2003,,
162,ocean avenue,yellowcard,9/13/2003,,
163,ocean avenue,yellowcard,1/31/2004,,
164,ocean avenue,yellowcard,2/19/2005,,
164,ocean avenue,yellowcard,2/7/2004,,
168,ocean avenue,yellowcard,11/29/2003,,
172,ocean avenue,yellowcard,8/23/2003,,
173,ocean avenue,yellowcard,2/28/2004,,
173,ocean avenue,yellowcard,12/6/2003,,
178,ocean avenue,yellowcard,1/10/2004,,
182,ocean avenue,yellowcard,3/5/2005,,
182,ocean avenue,yellowcard,2/21/2004,,
182,ocean avenue,yellowcard,2/14/2004,,
183,ocean avenue,yellowcard,2/26/2005,,
199,ocean avenue,yellowcard,12/13/2003,,
200,ocean avenue,yellowcard,3/12/2005,,
60,order in decline,sum 41,8/3/2019,,
77,panic,mxpx,6/25/2005,,
152,panic,mxpx,7/2/2005,,
195,panic,mxpx,7/9/2005,,
13,paper walls,yellowcard,8/4/2007,,
46,paper walls,yellowcard,8/11/2007,,
70,paper walls,yellowcard,8/18/2007,,
92,paper walls,yellowcard,8/25/2007,,
102,paper walls,yellowcard,9/1/2007,,
127,paper walls,yellowcard,9/8/2007,,
196,paper walls,yellowcard,9/15/2007,,
1,paramore,paramore,4/27/2013,,
12,paramore,paramore,5/4/2013,,
26,paramore,paramore,5/11/2013,,
29,paramore,paramore,6/7/2014,,
34,paramore,paramore,5/18/2013,,
38,paramore,paramore,6/14/2014,,
50,paramore,paramore,7/12/2014,,
54,paramore,paramore,6/21/2014,,
57,paramore,paramore,6/15/2013,,
59,paramore,paramore,5/25/2013,,
62,paramore,paramore,5/24/2014,,
65,paramore,paramore,6/1/2013,,
66,paramore,paramore,5/23/2015,,
67,paramore,paramore,7/5/2014,,
70,paramore,paramore,6/28/2014,,
73,paramore,paramore,6/8/2013,,
74,paramore,paramore,6/22/2013,,
75,paramore,paramore,8/9/2014,,
82,paramore,paramore,8/2/2014,,
83,paramore,paramore,5/31/2014,,
83,paramore,paramore,5/17/2014,,
83,paramore,paramore,5/10/2014,,
87,paramore,paramore,7/19/2014,,
88,paramore,paramore,9/7/2013,,
88,paramore,paramore,8/31/2013,,
95,paramore,paramore,8/24/2013,,
95,paramore,paramore,8/10/2013,,
96,paramore,paramore,5/3/2014,,
97,paramore,paramore,12/13/2014,,
98,paramore,paramore,4/5/2014,,
99,paramore,paramore,12/14/2013,,
106,paramore,paramore,7/27/2013,,
108,paramore,paramore,8/17/2013,,
109,paramore,paramore,3/29/2014,,
109,paramore,paramore,1/11/2014,,
110,paramore,paramore,9/14/2013,,
111,paramore,paramore,8/3/2013,,
112,paramore,paramore,7/20/2013,,
113,paramore,paramore,3/22/2014,,
113,paramore,paramore,11/9/2013,,
115,paramore,paramore,7/6/2013,,
116,paramore,paramore,7/26/2014,,
121,paramore,paramore,9/21/2013,,
122,paramore,paramore,4/12/2014,,
122,paramore,paramore,1/18/2014,,
124,paramore,paramore,4/26/2014,,
124,paramore,paramore,6/29/2013,,
125,paramore,paramore,8/16/2014,,
125,paramore,paramore,10/19/2013,,
128,paramore,paramore,9/28/2013,,
130,paramore,paramore,1/17/2015,,
133,paramore,paramore,4/19/2014,,
136,paramore,paramore,7/13/2013,,
138,paramore,paramore,10/12/2013,,
139,paramore,paramore,1/4/2014,,
139,paramore,paramore,10/26/2013,,
139,paramore,paramore,10/5/2013,,
145,paramore,paramore,11/2/2013,,
147,paramore,paramore,11/23/2013,,
150,paramore,paramore,2/15/2014,,
151,paramore,paramore,1/24/2015,,
151,paramore,paramore,1/10/2015,,
158,paramore,paramore,11/16/2013,,
166,paramore,paramore,2/8/2014,,
182,paramore,paramore,1/25/2014,,
184,paramore,paramore,9/13/2014,,
185,paramore,paramore,2/21/2015,,
186,paramore,paramore,8/23/2014,,
187,paramore,paramore,9/20/2014,,
188,paramore,paramore,8/30/2014,,
192,paramore,paramore,3/15/2014,,
193,paramore,paramore,2/1/2014,,
194,paramore,paramore,5/30/2015,,
196,paramore,paramore,11/30/2013,,
197,paramore,paramore,12/21/2013,,
198,paramore,paramore,2/28/2015,,
61,pump up the valuum,nofx,7/1/2000,,
89,pump up the valuum,nofx,7/8/2000,,
125,pump up the valuum,nofx,7/15/2000,,
150,pump up the valuum,nofx,7/22/2000,,
174,pump up the valuum,nofx,7/29/2000,,
183,pump up the valuum,nofx,8/5/2000,,
64,remains,alkaline trio,2/17/2007,,
169,remains,alkaline trio,2/24/2007,,
50,rented world,the menzingers,5/10/2014,,
25,resurrection,new found glory,10/25/2014,,
176,resurrection,new found glory,11/1/2014,,
1,revolution radio,green day,10/29/2016,,
10,revolution radio,green day,11/5/2016,,
41,revolution radio,green day,11/12/2016,,
75,revolution radio,green day,1/28/2017,,
76,revolution radio,green day,12/10/2016,,
79,revolution radio,green day,11/26/2016,,
92,revolution radio,green day,11/19/2016,,
94,revolution radio,green day,12/17/2016,,
109,revolution radio,green day,12/3/2016,,
133,revolution radio,green day,2/18/2017,,
141,revolution radio,green day,1/14/2017,,
144,revolution radio,green day,1/7/2017,,
160,revolution radio,green day,2/4/2017,,
177,revolution radio,green day,12/31/2016,,
186,revolution radio,green day,12/24/2016,,
15,riot!,paramore,9/1/2007,,
10,"rise and fall, rage and grace",the offspring,7/5/2008,,
23,"rise and fall, rage and grace",the offspring,7/12/2008,,
38,"rise and fall, rage and grace",the offspring,7/19/2008,,
49,"rise and fall, rage and grace",the offspring,7/26/2008,,
66,"rise and fall, rage and grace",the offspring,8/2/2008,,
78,"rise and fall, rage and grace",the offspring,8/9/2008,,
96,"rise and fall, rage and grace",the offspring,8/16/2008,,
110,"rise and fall, rage and grace",the offspring,8/30/2008,,
118,"rise and fall, rage and grace",the offspring,8/23/2008,,
119,"rise and fall, rage and grace",the offspring,9/6/2008,,
120,"rise and fall, rage and grace",the offspring,10/25/2008,,
122,"rise and fall, rage and grace",the offspring,9/13/2008,,
126,"rise and fall, rage and grace",the offspring,9/20/2008,,
135,"rise and fall, rage and grace",the offspring,9/27/2008,,
142,"rise and fall, rage and grace",the offspring,10/11/2008,,
148,"rise and fall, rage and grace",the offspring,10/4/2008,,
149,"rise and fall, rage and grace",the offspring,11/8/2008,,
151,"rise and fall, rage and grace",the offspring,1/24/2009,,
151,"rise and fall, rage and grace",the offspring,11/1/2008,,
152,"rise and fall, rage and grace",the offspring,1/31/2009,,
157,"rise and fall, rage and grace",the offspring,1/17/2009,,
158,"rise and fall, rage and grace",the offspring,11/15/2008,,
159,"rise and fall, rage and grace",the offspring,2/7/2009,,
161,"rise and fall, rage and grace",the offspring,11/22/2008,,
163,"rise and fall, rage and grace",the offspring,10/18/2008,,
174,"rise and fall, rage and grace",the offspring,1/10/2009,,
186,"rise and fall, rage and grace",the offspring,1/3/2009,,
186,"rise and fall, rage and grace",the offspring,11/29/2008,,
191,"rise and fall, rage and grace",the offspring,2/14/2009,,
192,"rise and fall, rage and grace",the offspring,12/6/2008,,
1,save rock and roll,fall out boy,5/4/2013,,
5,save rock and roll,fall out boy,5/11/2013,,
11,save rock and roll,fall out boy,5/18/2013,,
21,save rock and roll,fall out boy,5/25/2013,,
22,save rock and roll,fall out boy,6/1/2013,,
26,save rock and roll,fall out boy,6/29/2013,,
26,save rock and roll,fall out boy,6/8/2013,,
29,save rock and roll,fall out boy,7/13/2013,,
31,save rock and roll,fall out boy,7/20/2013,,
32,save rock and roll,fall out boy,6/22/2013,,
33,save rock and roll,fall out boy,7/6/2013,,
34,save rock and roll,fall out boy,1/18/2014,,
34,save rock and roll,fall out boy,8/3/2013,,
36,save rock and roll,fall out boy,1/25/2014,,
36,save rock and roll,fall out boy,1/11/2014,,
36,save rock and roll,fall out boy,6/15/2013,,
39,save rock and roll,fall out boy,7/27/2013,,
47,save rock and roll,fall out boy,9/7/2013,,
48,save rock and roll,fall out boy,2/1/2014,,
48,save rock and roll,fall out boy,12/14/2013,,
48,save rock and roll,fall out boy,8/10/2013,,
49,save rock and roll,fall out boy,2/7/2015,,
50,save rock and roll,fall out boy,3/1/2014,,
55,save rock and roll,fall out boy,1/17/2015,,
56,save rock and roll,fall out boy,1/10/2015,,
57,save rock and roll,fall out boy,9/14/2013,,
59,save rock and roll,fall out boy,9/21/2013,,
60,save rock and roll,fall out boy,11/2/2013,,
61,save rock and roll,fall out boy,1/31/2015,,
62,save rock and roll,fall out boy,1/24/2015,,
67,save rock and roll,fall out boy,2/22/2014,,
67,save rock and roll,fall out boy,2/8/2014,,
70,save rock and roll,fall out boy,8/24/2013,,
71,save rock and roll,fall out boy,8/31/2013,,
72,save rock and roll,fall out boy,2/14/2015,,
74,save rock and roll,fall out boy,8/17/2013,,
76,save rock and roll,fall out boy,3/28/2015,,
76,save rock and roll,fall out boy,2/15/2014,,
79,save rock and roll,fall out boy,3/21/2015,,
80,save rock and roll,fall out boy,3/8/2014,,
81,save rock and roll,fall out boy,8/9/2014,,
86,save rock and roll,fall out boy,11/16/2013,,
86,save rock and roll,fall out boy,11/9/2013,,
86,save rock and roll,fall out boy,9/28/2013,,
87,save rock and roll,fall out boy,3/7/2015,,
89,save rock and roll,fall out boy,12/13/2014,,
92,save rock and roll,fall out boy,6/21/2014,,
95,save rock and roll,fall out boy,4/4/2015,,
95,save rock and roll,fall out boy,8/30/2014,,
96,save rock and roll,fall out boy,1/16/2016,,
96,save rock and roll,fall out boy,3/15/2014,,
97,save rock and roll,fall out boy,12/21/2013,,
98,save rock and roll,fall out boy,3/14/2015,,
98,save rock and roll,fall out boy,2/21/2015,,
99,save rock and roll,fall out boy,10/5/2013,,
100,save rock and roll,fall out boy,4/18/2015,,
101,save rock and roll,fall out boy,6/13/2015,,
102,save rock and roll,fall out boy,4/25/2015,,
103,save rock and roll,fall out boy,10/26/2013,,
104,save rock and roll,fall out boy,9/27/2014,,
104,save rock and roll,fall out boy,8/16/2014,,
104,save rock and roll,fall out boy,1/4/2014,,
105,save rock and roll,fall out boy,8/15/2015,,
105,save rock and roll,fall out boy,6/27/2015,,
105,save rock and roll,fall out boy,9/6/2014,,
107,save rock and roll,fall out boy,10/11/2014,,
107,save rock and roll,fall out boy,8/2/2014,,
108,save rock and roll,fall out boy,8/23/2014,,
109,save rock and roll,fall out boy,7/12/2014,,
110,save rock and roll,fall out boy,7/11/2015,,
110,save rock and roll,fall out boy,6/20/2015,,
111,save rock and roll,fall out boy,2/28/2015,,
112,save rock and roll,fall out boy,4/11/2015,,
112,save rock and roll,fall out boy,7/5/2014,,
113,save rock and roll,fall out boy,8/1/2015,,
114,save rock and roll,fall out boy,8/22/2015,,
114,save rock and roll,fall out boy,3/29/2014,,
114,save rock and roll,fall out boy,3/22/2014,,
115,save rock and roll,fall out boy,7/25/2015,,
115,save rock and roll,fall out boy,7/26/2014,,
116,save rock and roll,fall out boy,12/28/2013,,
116,save rock and roll,fall out boy,10/12/2013,,
117,save rock and roll,fall out boy,6/6/2015,,
117,save rock and roll,fall out boy,10/19/2013,,
119,save rock and roll,fall out boy,7/18/2015,,
119,save rock and roll,fall out boy,9/20/2014,,
120,save rock and roll,fall out boy,9/5/2015,,
120,save rock and roll,fall out boy,5/2/2015,,
120,save rock and roll,fall out boy,10/4/2014,,
120,save rock and roll,fall out boy,9/13/2014,,
121,save rock and roll,fall out boy,8/8/2015,,
121,save rock and roll,fall out boy,7/19/2014,,
121,save rock and roll,fall out boy,6/28/2014,,
122,save rock and roll,fall out boy,8/29/2015,,
122,save rock and roll,fall out boy,5/30/2015,,
122,save rock and roll,fall out boy,10/18/2014,,
123,save rock and roll,fall out boy,7/4/2015,,
123,save rock and roll,fall out boy,5/16/2015,,
123,save rock and roll,fall out boy,6/14/2014,,
124,save rock and roll,fall out boy,1/3/2015,,
125,save rock and roll,fall out boy,9/12/2015,,
128,save rock and roll,fall out boy,5/9/2015,,
128,save rock and roll,fall out boy,11/29/2014,,
129,save rock and roll,fall out boy,11/23/2013,,
131,save rock and roll,fall out boy,3/26/2016,,
131,save rock and roll,fall out boy,5/17/2014,,
132,save rock and roll,fall out boy,1/23/2016,,
132,save rock and roll,fall out boy,4/12/2014,,
133,save rock and roll,fall out boy,9/19/2015,,
133,save rock and roll,fall out boy,5/23/2015,,
134,save rock and roll,fall out boy,6/7/2014,,
139,save rock and roll,fall out boy,4/5/2014,,
141,save rock and roll,fall out boy,11/14/2015,,
142,save rock and roll,fall out boy,9/26/2015,,
142,save rock and roll,fall out boy,5/3/2014,,
142,save rock and roll,fall out boy,11/30/2013,,
146,save rock and roll,fall out boy,12/7/2013,,
147,save rock and roll,fall out boy,5/10/2014,,
148,save rock and roll,fall out boy,10/3/2015,,
150,save rock and roll,fall out boy,4/16/2016,,
156,save rock and roll,fall out boy,11/7/2015,,
157,save rock and roll,fall out boy,10/31/2015,,
158,save rock and roll,fall out boy,12/20/2014,,
158,save rock and roll,fall out boy,12/6/2014,,
159,save rock and roll,fall out boy,1/30/2016,,
160,save rock and roll,fall out boy,10/17/2015,,
160,save rock and roll,fall out boy,10/10/2015,,
163,save rock and roll,fall out boy,10/24/2015,,
163,save rock and roll,fall out boy,12/27/2014,,
167,save rock and roll,fall out boy,4/26/2014,,
168,save rock and roll,fall out boy,4/9/2016,,
172,save rock and roll,fall out boy,4/19/2014,,
173,save rock and roll,fall out boy,4/2/2016,,
173,save rock and roll,fall out boy,11/1/2014,,
175,save rock and roll,fall out boy,11/8/2014,,
176,save rock and roll,fall out boy,3/19/2016,,
178,save rock and roll,fall out boy,2/6/2016,,
180,save rock and roll,fall out boy,10/25/2014,,
183,save rock and roll,fall out boy,11/21/2015,,
184,save rock and roll,fall out boy,2/13/2016,,
185,save rock and roll,fall out boy,11/28/2015,,
187,save rock and roll,fall out boy,5/31/2014,,
188,save rock and roll,fall out boy,11/22/2014,,
190,save rock and roll,fall out boy,5/24/2014,,
192,save rock and roll,fall out boy,2/20/2016,,
194,save rock and roll,fall out boy,4/23/2016,,
194,save rock and roll,fall out boy,3/5/2016,,
195,save rock and roll,fall out boy,1/9/2016,,
198,save rock and roll,fall out boy,3/12/2016,,
31,screaming bloody murder,sum 41,4/16/2011,,
176,screaming bloody murder,sum 41,4/23/2011,,
76,secret weapon,mxpx,8/4/2007,,
184,secret weapon,mxpx,8/11/2007,,
42,self entitled,nofx,9/29/2012,,
14,simple plan,simple plan,3/1/2008,,
51,simple plan,simple plan,3/8/2008,,
80,simple plan,simple plan,3/15/2008,,
112,simple plan,simple plan,3/22/2008,,
120,simple plan,simple plan,4/5/2008,,
134,simple plan,simple plan,3/29/2008,,
160,simple plan,simple plan,4/12/2008,,
183,simple plan,simple plan,5/3/2008,,
157,simplicity,the bouncing souls,8/20/2016,,
5,sing the sorrow,afi,3/29/2003,,
18,sing the sorrow,afi,4/5/2003,,
28,sing the sorrow,afi,4/12/2003,,
29,sing the sorrow,afi,4/19/2003,,
31,sing the sorrow,afi,5/10/2003,,
39,sing the sorrow,afi,5/3/2003,,
42,sing the sorrow,afi,4/26/2003,,
44,sing the sorrow,afi,5/17/2003,,
50,sing the sorrow,afi,5/24/2003,,
54,sing the sorrow,afi,5/31/2003,,
60,sing the sorrow,afi,6/7/2003,,
67,sing the sorrow,afi,9/20/2003,,
71,sing the sorrow,afi,6/14/2003,,
73,sing the sorrow,afi,6/21/2003,,
76,sing the sorrow,afi,9/13/2003,,
81,sing the sorrow,afi,7/5/2003,,
82,sing the sorrow,afi,8/2/2003,,
83,sing the sorrow,afi,8/23/2003,,
83,sing the sorrow,afi,7/26/2003,,
84,sing the sorrow,afi,8/30/2003,,
85,sing the sorrow,afi,9/6/2003,,
89,sing the sorrow,afi,8/16/2003,,
89,sing the sorrow,afi,6/28/2003,,
90,sing the sorrow,afi,8/9/2003,,
90,sing the sorrow,afi,7/12/2003,,
97,sing the sorrow,afi,9/27/2003,,
97,sing the sorrow,afi,7/19/2003,,
110,sing the sorrow,afi,10/4/2003,,
123,sing the sorrow,afi,10/11/2003,,
124,sing the sorrow,afi,4/3/2004,,
126,sing the sorrow,afi,3/6/2004,,
128,sing the sorrow,afi,2/21/2004,,
128,sing the sorrow,afi,10/18/2003,,
132,sing the sorrow,afi,3/20/2004,,
134,sing the sorrow,afi,4/10/2004,,
138,sing the sorrow,afi,3/13/2004,,
139,sing the sorrow,afi,3/27/2004,,
141,sing the sorrow,afi,4/17/2004,,
144,sing the sorrow,afi,5/1/2004,,
144,sing the sorrow,afi,2/7/2004,,
144,sing the sorrow,afi,1/17/2004,,
150,sing the sorrow,afi,2/28/2004,,
151,sing the sorrow,afi,2/14/2004,,
151,sing the sorrow,afi,1/31/2004,,
152,sing the sorrow,afi,10/25/2003,,
153,sing the sorrow,afi,4/24/2004,,
163,sing the sorrow,afi,1/24/2004,,
169,sing the sorrow,afi,1/10/2004,,
174,sing the sorrow,afi,5/8/2004,,
181,sing the sorrow,afi,11/1/2003,,
186,sing the sorrow,afi,5/15/2004,,
18,sister cities,the wonder years,4/21/2018,,
99,slowly going the way of the buffalo,mxpx,7/4/1998,,
120,slowly going the way of the buffalo,mxpx,7/11/1998,,
156,slowly going the way of the buffalo,mxpx,7/18/1998,,
166,slowly going the way of the buffalo,mxpx,7/25/1998,,
191,slowly going the way of the buffalo,mxpx,8/22/1998,,
193,slowly going the way of the buffalo,mxpx,8/1/1998,,
195,slowly going the way of the buffalo,mxpx,8/15/1998,,
4,smash,the offspring,11/12/1994,,
4,smash,the offspring,10/29/1994,,
5,smash,the offspring,12/3/1994,,
5,smash,the offspring,11/19/1994,,
5,smash,the offspring,11/5/1994,,
5,smash,the offspring,10/22/1994,,
6,smash,the offspring,1/28/1995,,
6,smash,the offspring,1/21/1995,,
6,smash,the offspring,1/14/1995,,
6,smash,the offspring,12/10/1994,,
6,smash,the offspring,11/26/1994,,
6,smash,the offspring,9/24/1994,,
7,smash,the offspring,12/17/1994,,
7,smash,the offspring,10/15/1994,,
7,smash,the offspring,10/8/1994,,
7,smash,the offspring,10/1/1994,,
9,smash,the offspring,2/4/1995,,
9,smash,the offspring,1/7/1995,,
9,smash,the offspring,1/7/1995,,
9,smash,the offspring,12/31/1994,,
9,smash,the offspring,9/10/1994,,
10,smash,the offspring,2/25/1995,,
10,smash,the offspring,12/24/1994,,
10,smash,the offspring,9/3/1994,,
11,smash,the offspring,2/11/1995,,
11,smash,the offspring,9/17/1994,,
11,smash,the offspring,8/27/1994,,
11,smash,the offspring,8/20/1994,,
12,smash,the offspring,3/11/1995,,
12,smash,the offspring,2/18/1995,,
13,smash,the offspring,3/18/1995,,
13,smash,the offspring,3/4/1995,,
14,smash,the offspring,3/25/1995,,
14,smash,the offspring,8/13/1994,,
16,smash,the offspring,4/1/1995,,
16,smash,the offspring,8/6/1994,,
18,smash,the offspring,4/8/1995,,
20,smash,the offspring,4/15/1995,,
20,smash,the offspring,7/30/1994,,
21,smash,the offspring,4/29/1995,,
22,smash,the offspring,5/6/1995,,
22,smash,the offspring,4/22/1995,,
24,smash,the offspring,5/13/1995,,
26,smash,the offspring,5/20/1995,,
30,smash,the offspring,6/10/1995,,
30,smash,the offspring,6/3/1995,,
30,smash,the offspring,5/27/1995,,
32,smash,the offspring,6/17/1995,,
32,smash,the offspring,7/23/1994,,
35,smash,the offspring,6/24/1995,,
36,smash,the offspring,7/16/1994,,
38,smash,the offspring,7/8/1995,,
39,smash,the offspring,7/1/1995,,
44,smash,the offspring,7/29/1995,,
44,smash,the offspring,7/22/1995,,
45,smash,the offspring,7/15/1995,,
46,smash,the offspring,7/9/1994,,
53,smash,the offspring,8/5/1995,,
54,smash,the offspring,8/12/1995,,
54,smash,the offspring,7/2/1994,,
60,smash,the offspring,8/19/1995,,
63,smash,the offspring,8/26/1995,,
64,smash,the offspring,9/2/1995,,
65,smash,the offspring,9/9/1995,,
71,smash,the offspring,9/16/1995,,
74,smash,the offspring,9/23/1995,,
87,smash,the offspring,10/7/1995,,
88,smash,the offspring,9/30/1995,,
89,smash,the offspring,6/25/1994,,
98,smash,the offspring,10/14/1995,,
107,smash,the offspring,1/13/1996,,
114,smash,the offspring,10/28/1995,,
115,smash,the offspring,10/21/1995,,
116,smash,the offspring,6/18/1994,,
120,smash,the offspring,1/20/1996,,
120,smash,the offspring,11/4/1995,,
134,smash,the offspring,1/27/1996,,
135,smash,the offspring,11/18/1995,,
135,smash,the offspring,11/11/1995,,
136,smash,the offspring,2/3/1996,,
141,smash,the offspring,11/25/1995,,
150,smash,the offspring,2/10/1996,,
152,smash,the offspring,1/6/1996,,
152,smash,the offspring,1/6/1996,,
152,smash,the offspring,12/30/1995,,
155,smash,the offspring,12/16/1995,,
157,smash,the offspring,12/9/1995,,
157,smash,the offspring,6/11/1994,,
159,smash,the offspring,2/17/1996,,
160,smash,the offspring,12/2/1995,,
161,smash,the offspring,12/23/1995,,
165,smash,the offspring,3/23/1996,,
166,smash,the offspring,3/9/1996,,
168,smash,the offspring,3/30/1996,,
171,smash,the offspring,2/24/1996,,
172,smash,the offspring,3/16/1996,,
174,smash,the offspring,3/2/1996,,
175,smash,the offspring,4/27/1996,,
179,smash,the offspring,4/20/1996,,
187,smash,the offspring,6/4/1994,,
190,smash,the offspring,5/4/1996,,
190,smash,the offspring,4/13/1996,,
192,smash,the offspring,4/6/1996,,
79,so long and thanks for all the shoes,nofx,11/29/1997,,
24,"so long, astoria",the ataris,3/22/2003,,
48,"so long, astoria",the ataris,3/29/2003,,
59,"so long, astoria",the ataris,9/20/2003,,
60,"so long, astoria",the ataris,4/5/2003,,
61,"so long, astoria",the ataris,4/12/2003,,
62,"so long, astoria",the ataris,9/6/2003,,
62,"so long, astoria",the ataris,8/30/2003,,
63,"so long, astoria",the ataris,9/13/2003,,
65,"so long, astoria",the ataris,8/9/2003,,
65,"so long, astoria",the ataris,8/2/2003,,
66,"so long, astoria",the ataris,5/3/2003,,
69,"so long, astoria",the ataris,8/16/2003,,
69,"so long, astoria",the ataris,4/19/2003,,
71,"so long, astoria",the ataris,8/23/2003,,
74,"so long, astoria",the ataris,5/10/2003,,
76,"so long, astoria",the ataris,10/4/2003,,
77,"so long, astoria",the ataris,4/26/2003,,
78,"so long, astoria",the ataris,9/27/2003,,
79,"so long, astoria",the ataris,7/26/2003,,
82,"so long, astoria",the ataris,10/11/2003,,
91,"so long, astoria",the ataris,5/17/2003,,
100,"so long, astoria",the ataris,7/12/2003,,
102,"so long, astoria",the ataris,7/19/2003,,
104,"so long, astoria",the ataris,7/5/2003,,
108,"so long, astoria",the ataris,5/31/2003,,
109,"so long, astoria",the ataris,10/18/2003,,
118,"so long, astoria",the ataris,6/21/2003,,
119,"so long, astoria",the ataris,6/14/2003,,
120,"so long, astoria",the ataris,5/24/2003,,
122,"so long, astoria",the ataris,10/25/2003,,
128,"so long, astoria",the ataris,6/7/2003,,
131,"so long, astoria",the ataris,6/28/2003,,
142,"so long, astoria",the ataris,11/1/2003,,
184,"so long, astoria",the ataris,11/8/2003,,
187,"so long, astoria",the ataris,1/17/2004,,
189,"so long, astoria",the ataris,11/15/2003,,
62,"so wrong, it's right",all time low,10/13/2007,,
67,sound the alarm,saves the day,4/29/2006,,
133,sound the alarm,saves the day,5/6/2006,,
197,sound the alarm,saves the day,5/13/2006,,
1,sounds good feels good,5 seconds of summer,11/14/2015,,
7,sounds good feels good,5 seconds of summer,11/21/2015,,
26,sounds good feels good,5 seconds of summer,11/28/2015,,
35,sounds good feels good,5 seconds of summer,12/19/2015,,
39,sounds good feels good,5 seconds of summer,12/5/2015,,
41,sounds good feels good,5 seconds of summer,1/16/2016,,
45,sounds good feels good,5 seconds of summer,12/12/2015,,
50,sounds good feels good,5 seconds of summer,1/9/2016,,
57,sounds good feels good,5 seconds of summer,1/2/2016,,
61,sounds good feels good,5 seconds of summer,1/23/2016,,
67,sounds good feels good,5 seconds of summer,12/26/2015,,
101,sounds good feels good,5 seconds of summer,1/30/2016,,
129,sounds good feels good,5 seconds of summer,2/6/2016,,
176,sounds good feels good,5 seconds of summer,2/13/2016,,
10,southern air,yellowcard,9/1/2012,,
89,southern air,yellowcard,9/8/2012,,
162,southern air,yellowcard,9/22/2012,,
30,splinter,the offspring,12/27/2003,,
41,splinter,the offspring,1/17/2004,,
52,splinter,the offspring,1/24/2004,,
54,splinter,the offspring,1/31/2004,,
58,splinter,the offspring,1/10/2004,,
59,splinter,the offspring,1/3/2004,,
63,splinter,the offspring,2/7/2004,,
71,splinter,the offspring,2/14/2004,,
88,splinter,the offspring,2/21/2004,,
96,splinter,the offspring,3/6/2004,,
103,splinter,the offspring,2/28/2004,,
116,splinter,the offspring,3/13/2004,,
120,splinter,the offspring,4/3/2004,,
122,splinter,the offspring,3/20/2004,,
127,splinter,the offspring,3/27/2004,,
149,splinter,the offspring,4/10/2004,,
165,splinter,the offspring,4/17/2004,,
168,splinter,the offspring,5/1/2004,,
171,splinter,the offspring,4/24/2004,,
177,splinter,the offspring,5/8/2004,,
189,splinter,the offspring,5/15/2004,,
100,stay what you are,saves the day,7/28/2001,,
172,stay what you are,saves the day,8/4/2001,,
4,sticks and stones,new found glory,6/29/2002,,
25,sticks and stones,new found glory,7/6/2002,,
30,sticks and stones,new found glory,7/13/2002,,
37,sticks and stones,new found glory,7/27/2002,,
39,sticks and stones,new found glory,7/20/2002,,
47,sticks and stones,new found glory,8/3/2002,,
49,sticks and stones,new found glory,8/10/2002,,
51,sticks and stones,new found glory,8/31/2002,,
54,sticks and stones,new found glory,9/21/2002,,
57,sticks and stones,new found glory,9/7/2002,,
59,sticks and stones,new found glory,8/24/2002,,
60,sticks and stones,new found glory,8/17/2002,,
67,sticks and stones,new found glory,9/14/2002,,
82,sticks and stones,new found glory,10/5/2002,,
87,sticks and stones,new found glory,9/28/2002,,
95,sticks and stones,new found glory,10/12/2002,,
99,sticks and stones,new found glory,10/19/2002,,
102,sticks and stones,new found glory,2/1/2003,,
102,sticks and stones,new found glory,10/26/2002,,
104,sticks and stones,new found glory,1/18/2003,,
117,sticks and stones,new found glory,12/14/2002,,
118,sticks and stones,new found glory,2/8/2003,,
118,sticks and stones,new found glory,1/11/2003,,
119,sticks and stones,new found glory,11/2/2002,,
122,sticks and stones,new found glory,1/25/2003,,
132,sticks and stones,new found glory,12/21/2002,,
134,sticks and stones,new found glory,1/4/2003,,
135,sticks and stones,new found glory,11/9/2002,,
138,sticks and stones,new found glory,12/28/2002,,
148,sticks and stones,new found glory,2/15/2003,,
155,sticks and stones,new found glory,11/16/2002,,
169,sticks and stones,new found glory,11/23/2002,,
171,sticks and stones,new found glory,11/30/2002,,
172,sticks and stones,new found glory,2/22/2003,,
184,sticks and stones,new found glory,12/7/2002,,
190,sticks and stones,new found glory,3/8/2003,,
196,sticks and stones,new found glory,3/1/2003,,
200,sticks and stones,new found glory,5/3/2003,,
200,sticks and stones,new found glory,3/15/2003,,
3,still not getting any...,simple plan,11/13/2004,,
11,still not getting any...,simple plan,11/20/2004,,
20,still not getting any...,simple plan,11/27/2004,,
25,still not getting any...,simple plan,1/15/2005,,
26,still not getting any...,simple plan,12/11/2004,,
28,still not getting any...,simple plan,12/4/2004,,
34,still not getting any...,simple plan,1/22/2005,,
35,still not getting any...,simple plan,1/29/2005,,
35,still not getting any...,simple plan,1/8/2005,,
36,still not getting any...,simple plan,12/18/2004,,
39,still not getting any...,simple plan,2/5/2005,,
39,still not getting any...,simple plan,1/1/2005,,
41,still not getting any...,simple plan,12/25/2004,,
54,still not getting any...,simple plan,2/12/2005,,
56,still not getting any...,simple plan,2/19/2005,,
62,still not getting any...,simple plan,3/12/2005,,
62,still not getting any...,simple plan,2/26/2005,,
65,still not getting any...,simple plan,8/6/2005,,
65,still not getting any...,simple plan,3/5/2005,,
69,still not getting any...,simple plan,7/30/2005,,
70,still not getting any...,simple plan,7/23/2005,,
72,still not getting any...,simple plan,5/7/2005,,
72,still not getting any...,simple plan,4/9/2005,,
73,still not getting any...,simple plan,8/13/2005,,
73,still not getting any...,simple plan,3/26/2005,,
74,still not getting any...,simple plan,4/23/2005,,
75,still not getting any...,simple plan,3/19/2005,,
77,still not getting any...,simple plan,7/9/2005,,
77,still not getting any...,simple plan,5/28/2005,,
77,still not getting any...,simple plan,4/30/2005,,
79,still not getting any...,simple plan,4/2/2005,,
80,still not getting any...,simple plan,9/3/2005,,
80,still not getting any...,simple plan,6/4/2005,,
80,still not getting any...,simple plan,5/14/2005,,
81,still not getting any...,simple plan,8/20/2005,,
81,still not getting any...,simple plan,6/11/2005,,
82,still not getting any...,simple plan,4/16/2005,,
83,still not getting any...,simple plan,7/16/2005,,
83,still not getting any...,simple plan,6/18/2005,,
87,still not getting any...,simple plan,8/27/2005,,
87,still not getting any...,simple plan,7/2/2005,,
87,still not getting any...,simple plan,5/21/2005,,
91,still not getting any...,simple plan,6/25/2005,,
101,still not getting any...,simple plan,9/10/2005,,
116,still not getting any...,simple plan,9/17/2005,,
120,still not getting any...,simple plan,9/24/2005,,
148,still not getting any...,simple plan,10/1/2005,,
168,still not getting any...,simple plan,10/8/2005,,
190,still not getting any...,simple plan,10/15/2005,,
41,"straight to dvd ii: past,  present and future hearts",all time low,10/1/2016,,
87,stranger than fiction,bad religion,9/24/1994,,
125,stranger than fiction,bad religion,10/1/1994,,
153,stranger than fiction,bad religion,10/8/1994,,
157,stranger than fiction,bad religion,1/14/1995,,
189,stranger than fiction,bad religion,10/15/1994,,
194,stranger than fiction,bad religion,1/21/1995,,
199,stranger than fiction,bad religion,1/28/1995,,
73,suburbia i've given you all and now im nothing,the wonder years,7/2/2011,,
90,surviving,jimmy eat world,11/2/2019,,
1,take off your pants and jacket,blink-182,6/30/2001,,
3,take off your pants and jacket,blink-182,7/7/2001,,
7,take off your pants and jacket,blink-182,7/28/2001,,
8,take off your pants and jacket,blink-182,7/21/2001,,
8,take off your pants and jacket,blink-182,7/14/2001,,
11,take off your pants and jacket,blink-182,8/11/2001,,
12,take off your pants and jacket,blink-182,8/4/2001,,
15,take off your pants and jacket,blink-182,8/18/2001,,
22,take off your pants and jacket,blink-182,8/25/2001,,
26,take off your pants and jacket,blink-182,9/1/2001,,
31,take off your pants and jacket,blink-182,9/8/2001,,
42,take off your pants and jacket,blink-182,9/15/2001,,
46,take off your pants and jacket,blink-182,9/22/2001,,
67,take off your pants and jacket,blink-182,9/29/2001,,
75,take off your pants and jacket,blink-182,10/6/2001,,
80,take off your pants and jacket,blink-182,1/12/2002,,
83,take off your pants and jacket,blink-182,10/13/2001,,
91,take off your pants and jacket,blink-182,10/20/2001,,
92,take off your pants and jacket,blink-182,1/19/2002,,
94,take off your pants and jacket,blink-182,4/13/2002,,
94,take off your pants and jacket,blink-182,12/29/2001,,
95,take off your pants and jacket,blink-182,4/20/2002,,
100,take off your pants and jacket,blink-182,1/5/2002,,
102,take off your pants and jacket,blink-182,5/4/2002,,
102,take off your pants and jacket,blink-182,10/27/2001,,
104,take off your pants and jacket,blink-182,3/9/2002,,
107,take off your pants and jacket,blink-182,4/6/2002,,
109,take off your pants and jacket,blink-182,12/22/2001,,
110,take off your pants and jacket,blink-182,12/8/2001,,
110,take off your pants and jacket,blink-182,11/3/2001,,
112,take off your pants and jacket,blink-182,3/23/2002,,
112,take off your pants and jacket,blink-182,3/16/2002,,
113,take off your pants and jacket,blink-182,3/2/2002,,
115,take off your pants and jacket,blink-182,5/11/2002,,
115,take off your pants and jacket,blink-182,3/30/2002,,
117,take off your pants and jacket,blink-182,4/27/2002,,
117,take off your pants and jacket,blink-182,12/1/2001,,
119,take off your pants and jacket,blink-182,1/26/2002,,
120,take off your pants and jacket,blink-182,2/23/2002,,
120,take off your pants and jacket,blink-182,2/9/2002,,
121,take off your pants and jacket,blink-182,12/15/2001,,
124,take off your pants and jacket,blink-182,2/2/2002,,
124,take off your pants and jacket,blink-182,11/10/2001,,
126,take off your pants and jacket,blink-182,11/24/2001,,
129,take off your pants and jacket,blink-182,2/16/2002,,
133,take off your pants and jacket,blink-182,5/18/2002,,
142,take off your pants and jacket,blink-182,6/15/2002,,
143,take off your pants and jacket,blink-182,11/17/2001,,
150,take off your pants and jacket,blink-182,6/1/2002,,
151,take off your pants and jacket,blink-182,6/22/2002,,
153,take off your pants and jacket,blink-182,6/29/2002,,
155,take off your pants and jacket,blink-182,5/25/2002,,
163,take off your pants and jacket,blink-182,7/6/2002,,
169,take off your pants and jacket,blink-182,6/8/2002,,
181,take off your pants and jacket,blink-182,7/27/2002,,
184,take off your pants and jacket,blink-182,7/20/2002,,
185,take off your pants and jacket,blink-182,7/13/2002,,
190,take off your pants and jacket,blink-182,8/3/2002,,
94,taking one for the team,simple plan,3/12/2016,,
174,the art of drowning,afi,10/14/2000,,
3,the chronicles of life and death,good charlotte,10/23/2004,,
8,the chronicles of life and death,good charlotte,10/30/2004,,
16,the chronicles of life and death,good charlotte,11/6/2004,,
25,the chronicles of life and death,good charlotte,11/13/2004,,
28,the chronicles of life and death,good charlotte,11/20/2004,,
34,the chronicles of life and death,good charlotte,1/15/2005,,
44,the chronicles of life and death,good charlotte,1/22/2005,,
45,the chronicles of life and death,good charlotte,11/27/2004,,
48,the chronicles of life and death,good charlotte,1/29/2005,,
49,the chronicles of life and death,good charlotte,1/8/2005,,
49,the chronicles of life and death,good charlotte,12/25/2004,,
51,the chronicles of life and death,good charlotte,12/11/2004,,
52,the chronicles of life and death,good charlotte,1/1/2005,,
53,the chronicles of life and death,good charlotte,2/5/2005,,
54,the chronicles of life and death,good charlotte,12/18/2004,,
64,the chronicles of life and death,good charlotte,2/12/2005,,
64,the chronicles of life and death,good charlotte,12/4/2004,,
73,the chronicles of life and death,good charlotte,2/19/2005,,
84,the chronicles of life and death,good charlotte,2/26/2005,,
89,the chronicles of life and death,good charlotte,3/5/2005,,
95,the chronicles of life and death,good charlotte,3/12/2005,,
103,the chronicles of life and death,good charlotte,3/19/2005,,
128,the chronicles of life and death,good charlotte,3/26/2005,,
131,the chronicles of life and death,good charlotte,4/9/2005,,
137,the chronicles of life and death,good charlotte,4/16/2005,,
139,the chronicles of life and death,good charlotte,4/2/2005,,
163,the chronicles of life and death,good charlotte,4/30/2005,,
167,the chronicles of life and death,good charlotte,5/28/2005,,
168,the chronicles of life and death,good charlotte,6/4/2005,,
170,the chronicles of life and death,good charlotte,5/7/2005,,
173,the chronicles of life and death,good charlotte,4/23/2005,,
182,the chronicles of life and death,good charlotte,5/14/2005,,
188,the chronicles of life and death,good charlotte,5/21/2005,,
191,the chronicles of life and death,good charlotte,6/11/2005,,
40,the empire strikes first,bad religion,6/26/2004,,
109,the empire strikes first,bad religion,7/3/2004,,
154,the empire strikes first,bad religion,7/10/2004,,
175,the empire strikes first,bad religion,7/24/2004,,
190,the empire strikes first,bad religion,7/17/2004,,
56,the ever passing moment,mxpx,6/3/2000,,
112,the ever passing moment,mxpx,6/10/2000,,
157,the ever passing moment,mxpx,6/17/2000,,
166,the ever passing moment,mxpx,6/24/2000,,
172,the ever passing moment,mxpx,7/8/2000,,
173,the ever passing moment,mxpx,7/15/2000,,
175,the ever passing moment,mxpx,7/22/2000,,
183,the ever passing moment,mxpx,8/12/2000,,
185,the ever passing moment,mxpx,7/29/2000,,
186,the ever passing moment,mxpx,8/5/2000,,
188,the ever passing moment,mxpx,7/1/2000,,
196,the ever passing moment,mxpx,8/19/2000,,
199,the ever passing moment,mxpx,8/26/2000,,
56,the gray race,bad religion,3/16/1996,,
100,the gray race,bad religion,3/23/1996,,
129,the gray race,bad religion,3/30/1996,,
158,the gray race,bad religion,4/6/1996,,
198,the gray race,bad religion,4/13/1996,,
20,the greatest generation,the wonder years,6/1/2013,,
49,the process of belief,bad religion,2/9/2002,,
100,the process of belief,bad religion,2/16/2002,,
133,the process of belief,bad religion,2/23/2002,,
163,the process of belief,bad religion,3/2/2002,,
173,the process of belief,bad religion,3/9/2002,,
44,the war on errorism,nofx,5/24/2003,,
70,the war on errorism,nofx,5/31/2003,,
105,the war on errorism,nofx,6/7/2003,,
137,the war on errorism,nofx,6/14/2003,,
160,the war on errorism,nofx,6/21/2003,,
197,the war on errorism,nofx,6/28/2003,,
7,the young and the hopeless,good charlotte,10/19/2002,,
11,the young and the hopeless,good charlotte,2/8/2003,,
12,the young and the hopeless,good charlotte,2/1/2003,,
15,the young and the hopeless,good charlotte,3/8/2003,,
15,the young and the hopeless,good charlotte,2/15/2003,,
16,the young and the hopeless,good charlotte,10/26/2002,,
17,the young and the hopeless,good charlotte,9/20/2003,,
18,the young and the hopeless,good charlotte,3/1/2003,,
18,the young and the hopeless,good charlotte,2/22/2003,,
19,the young and the hopeless,good charlotte,4/5/2003,,
19,the young and the hopeless,good charlotte,3/15/2003,,
19,the young and the hopeless,good charlotte,11/9/2002,,
20,the young and the hopeless,good charlotte,8/23/2003,,
21,the young and the hopeless,good charlotte,8/30/2003,,
21,the young and the hopeless,good charlotte,1/18/2003,,
21,the young and the hopeless,good charlotte,11/2/2002,,
22,the young and the hopeless,good charlotte,9/13/2003,,
22,the young and the hopeless,good charlotte,3/29/2003,,
23,the young and the hopeless,good charlotte,3/22/2003,,
24,the young and the hopeless,good charlotte,5/3/2003,,
24,the young and the hopeless,good charlotte,4/19/2003,,
24,the young and the hopeless,good charlotte,4/12/2003,,
25,the young and the hopeless,good charlotte,4/26/2003,,
25,the young and the hopeless,good charlotte,1/25/2003,,
27,the young and the hopeless,good charlotte,9/27/2003,,
27,the young and the hopeless,good charlotte,8/16/2003,,
27,the young and the hopeless,good charlotte,1/11/2003,,
28,the young and the hopeless,good charlotte,11/16/2002,,
29,the young and the hopeless,good charlotte,8/9/2003,,
29,the young and the hopeless,good charlotte,8/2/2003,,
30,the young and the hopeless,good charlotte,5/10/2003,,
31,the young and the hopeless,good charlotte,9/6/2003,,
31,the young and the hopeless,good charlotte,6/14/2003,,
33,the young and the hopeless,good charlotte,11/23/2002,,
34,the young and the hopeless,good charlotte,10/4/2003,,
34,the young and the hopeless,good charlotte,7/19/2003,,
35,the young and the hopeless,good charlotte,7/26/2003,,
36,the young and the hopeless,good charlotte,6/21/2003,,
36,the young and the hopeless,good charlotte,1/4/2003,,
37,the young and the hopeless,good charlotte,5/17/2003,,
38,the young and the hopeless,good charlotte,11/30/2002,,
39,the young and the hopeless,good charlotte,5/24/2003,,
40,the young and the hopeless,good charlotte,7/5/2003,,
40,the young and the hopeless,good charlotte,5/31/2003,,
40,the young and the hopeless,good charlotte,12/28/2002,,
40,the young and the hopeless,good charlotte,12/21/2002,,
41,the young and the hopeless,good charlotte,7/12/2003,,
45,the young and the hopeless,good charlotte,10/11/2003,,
45,the young and the hopeless,good charlotte,12/14/2002,,
46,the young and the hopeless,good charlotte,6/28/2003,,
46,the young and the hopeless,good charlotte,12/7/2002,,
48,the young and the hopeless,good charlotte,6/7/2003,,
49,the young and the hopeless,good charlotte,1/10/2004,,
50,the young and the hopeless,good charlotte,10/18/2003,,
54,the young and the hopeless,good charlotte,2/7/2004,,
54,the young and the hopeless,good charlotte,1/17/2004,,
55,the young and the hopeless,good charlotte,1/3/2004,,
57,the young and the hopeless,good charlotte,1/31/2004,,
58,the young and the hopeless,good charlotte,11/1/2003,,
60,the young and the hopeless,good charlotte,2/14/2004,,
60,the young and the hopeless,good charlotte,1/24/2004,,
60,the young and the hopeless,good charlotte,10/25/2003,,
63,the young and the hopeless,good charlotte,12/27/2003,,
67,the young and the hopeless,good charlotte,12/20/2003,,
69,the young and the hopeless,good charlotte,2/21/2004,,
69,the young and the hopeless,good charlotte,12/13/2003,,
69,the young and the hopeless,good charlotte,11/8/2003,,
71,the young and the hopeless,good charlotte,11/29/2003,,
74,the young and the hopeless,good charlotte,3/6/2004,,
76,the young and the hopeless,good charlotte,11/22/2003,,
78,the young and the hopeless,good charlotte,11/15/2003,,
83,the young and the hopeless,good charlotte,2/28/2004,,
86,the young and the hopeless,good charlotte,12/6/2003,,
87,the young and the hopeless,good charlotte,3/13/2004,,
90,the young and the hopeless,good charlotte,4/24/2004,,
94,the young and the hopeless,good charlotte,4/3/2004,,
94,the young and the hopeless,good charlotte,3/20/2004,,
98,the young and the hopeless,good charlotte,3/27/2004,,
104,the young and the hopeless,good charlotte,4/10/2004,,
114,the young and the hopeless,good charlotte,5/1/2004,,
115,the young and the hopeless,good charlotte,4/17/2004,,
133,the young and the hopeless,good charlotte,5/8/2004,,
146,the young and the hopeless,good charlotte,5/15/2004,,
169,the young and the hopeless,good charlotte,6/5/2004,,
172,the young and the hopeless,good charlotte,6/19/2004,,
177,the young and the hopeless,good charlotte,10/9/2004,,
177,the young and the hopeless,good charlotte,5/29/2004,,
183,the young and the hopeless,good charlotte,6/12/2004,,
184,the young and the hopeless,good charlotte,10/2/2004,,
187,the young and the hopeless,good charlotte,5/22/2004,,
189,the young and the hopeless,good charlotte,7/10/2004,,
190,the young and the hopeless,good charlotte,6/26/2004,,
194,the young and the hopeless,good charlotte,7/24/2004,,
195,the young and the hopeless,good charlotte,9/25/2004,,
196,the young and the hopeless,good charlotte,7/3/2004,,
23,trouble maker,rancid,7/1/2017,,
19,true north,bad religion,2/9/2013,,
91,true north,bad religion,2/16/2013,,
119,under the boards,saves the day,11/17/2007,,
7,underclass hero,sum 41,8/11/2007,,
34,underclass hero,sum 41,8/18/2007,,
51,underclass hero,sum 41,8/25/2007,,
68,underclass hero,sum 41,9/1/2007,,
89,underclass hero,sum 41,9/8/2007,,
111,underclass hero,sum 41,9/15/2007,,
124,underclass hero,sum 41,9/22/2007,,
157,underclass hero,sum 41,9/29/2007,,
197,underclass hero,sum 41,10/6/2007,,
2,uno!,green day,10/13/2012,,
160,ups & downs: early recordings and b-sides,saves the day,9/11/2004,,
4,warning,green day,10/21/2000,,
85,welcome the night,the ataris,3/10/2007,,
11,what separates me from you,a day to remember,12/4/2010,,
56,what separates me from you,a day to remember,12/11/2010,,
64,what separates me from you,a day to remember,1/15/2011,,
80,what separates me from you,a day to remember,1/29/2011,,
82,what separates me from you,a day to remember,1/22/2011,,
100,what separates me from you,a day to remember,2/5/2011,,
117,what separates me from you,a day to remember,1/8/2011,,
117,what separates me from you,a day to remember,12/18/2010,,
127,what separates me from you,a day to remember,1/1/2011,,
134,what separates me from you,a day to remember,12/25/2010,,
139,what separates me from you,a day to remember,2/12/2011,,
163,what separates me from you,a day to remember,2/19/2011,,
188,what separates me from you,a day to remember,4/9/2011,,
190,what separates me from you,a day to remember,6/11/2011,,
191,what separates me from you,a day to remember,4/2/2011,,
192,what separates me from you,a day to remember,4/16/2011,,
198,what separates me from you,a day to remember,2/26/2011,,
19,"when you're through thinking, say yes",yellowcard,4/9/2011,,
91,"when you're through thinking, say yes",yellowcard,5/14/2011,,
107,"when you're through thinking, say yes",yellowcard,4/16/2011,,
187,"when you're through thinking, say yes",yellowcard,4/23/2011,,
46,wolves in wolves' clothing,nofx,5/6/2006,,
109,wolves in wolves' clothing,nofx,5/13/2006,,
152,wolves in wolves' clothing,nofx,5/20/2006,,
28,yellowcard,yellowcard,10/22/2016,,
1,youngblood,5 seconds of summer,6/30/2018,,
10,youngblood,5 seconds of summer,7/7/2018,,
25,youngblood,5 seconds of summer,7/21/2018,,
25,youngblood,5 seconds of summer,7/14/2018,,
26,youngblood,5 seconds of summer,7/28/2018,,
27,youngblood,5 seconds of summer,8/4/2018,,
29,youngblood,5 seconds of summer,8/18/2018,,
30,youngblood,5 seconds of summer,10/6/2018,,
30,youngblood,5 seconds of summer,9/15/2018,,
34,youngblood,5 seconds of summer,8/25/2018,,
34,youngblood,5 seconds of summer,8/11/2018,,
37,youngblood,5 seconds of summer,9/1/2018,,
38,youngblood,5 seconds of summer,9/8/2018,,
42,youngblood,5 seconds of summer,10/13/2018,,
42,youngblood,5 seconds of summer,9/22/2018,,
46,youngblood,5 seconds of summer,9/29/2018,,
54,youngblood,5 seconds of summer,10/20/2018,,
56,youngblood,5 seconds of summer,1/12/2019,,
56,youngblood,5 seconds of summer,10/27/2018,,
57,youngblood,5 seconds of summer,1/26/2019,,
58,youngblood,5 seconds of summer,1/19/2019,,
63,youngblood,5 seconds of summer,11/3/2018,,
69,youngblood,5 seconds of summer,2/2/2019,,
73,youngblood,5 seconds of summer,11/10/2018,,
74,youngblood,5 seconds of summer,2/16/2019,,
74,youngblood,5 seconds of summer,11/17/2018,,
76,youngblood,5 seconds of summer,2/9/2019,,
85,youngblood,5 seconds of summer,2/23/2019,,
86,youngblood,5 seconds of summer,11/24/2018,,
90,youngblood,5 seconds of summer,1/5/2019,,
91,youngblood,5 seconds of summer,12/1/2018,,
99,youngblood,5 seconds of summer,12/8/2018,,
100,youngblood,5 seconds of summer,3/2/2019,,
106,youngblood,5 seconds of summer,3/9/2019,,
114,youngblood,5 seconds of summer,3/30/2019,,
116,youngblood,5 seconds of summer,12/15/2018,,
117,youngblood,5 seconds of summer,3/16/2019,,
119,youngblood,5 seconds of summer,3/23/2019,,
121,youngblood,5 seconds of summer,4/6/2019,,
121,youngblood,5 seconds of summer,12/22/2018,,
127,youngblood,5 seconds of summer,12/29/2018,,
128,youngblood,5 seconds of summer,4/13/2019,,
140,youngblood,5 seconds of summer,4/20/2019,,
141,youngblood,5 seconds of summer,5/4/2019,,
157,youngblood,5 seconds of summer,6/8/2019,,
161,youngblood,5 seconds of summer,4/27/2019,,
164,youngblood,5 seconds of summer,6/15/2019,,
165,youngblood,5 seconds of summer,5/11/2019,,
169,youngblood,5 seconds of summer,6/22/2019,,
171,youngblood,5 seconds of summer,7/27/2019,,
171,youngblood,5 seconds of summer,6/1/2019,,
174,youngblood,5 seconds of summer,8/31/2019,,
174,youngblood,5 seconds of summer,5/18/2019,,
176,youngblood,5 seconds of summer,7/20/2019,,
178,youngblood,5 seconds of summer,7/6/2019,,
178,youngblood,5 seconds of summer,6/29/2019,,
179,youngblood,5 seconds of summer,8/10/2019,,
179,youngblood,5 seconds of summer,5/25/2019,,
180,youngblood,5 seconds of summer,8/3/2019,,
186,youngblood,5 seconds of summer,7/13/2019,,
190,youngblood,5 seconds of summer,8/17/2019,,
195,youngblood,5 seconds of summer,9/7/2019,,
196,youngblood,5 seconds of summer,8/24/2019,,
199,youngblood,5 seconds of summer,9/21/2019,,
23,youth authority,good charlotte,8/6/2016,,
140,youth authority,good charlotte,8/13/2016,,
